STATION_ID,IRI,Year,Precipitation,Temperature,AADTT,SN
12_1060,0.66,1990,1335,25.3,253,4.0
12_1060,0.64,1990,1335,25.3,253,4.0
12_1060,0.63,1990,1335,25.3,253,4.0
12_1060,0.64,1990,1335,25.3,253,4.0
12_1060,0.67,1992,1496,24.6,130,4.0
12_1060,0.67,1992,1496,24.6,130,4.0
12_1060,0.66,1992,1496,24.6,130,4.0
12_1060,0.68,1992,1496,24.6,130,4.0
12_1060,0.63,1994,2027,25.3,126,4.0
12_1060,0.62,1994,2027,25.3,126,4.0
12_1060,0.63,1994,2027,25.3,126,4.0
12_1060,0.62,1994,2027,25.3,126,4.0
12_1060,0.7,1998,1616,25.4,81,4.0
12_1060,0.71,1998,1616,25.4,81,4.0
12_1060,0.7,1998,1616,25.4,81,4.0
12_1060,0.73,1998,1616,25.4,81,4.0
12_1060,0.72,1998,1616,25.4,81,4.0
12_1060,0.76,2000,1463,24.6,83,4.0
12_1060,0.73,2000,1463,24.6,83,4.0
12_1060,0.76,2000,1463,24.6,83,4.0
12_1060,0.77,2000,1463,24.6,83,4.0
12_1060,0.73,2000,1463,24.6,83,4.0
12_1060,0.73,2002,1604,25.0,230,4.0
12_1060,0.74,2002,1604,25.0,230,4.0
12_1060,0.74,2002,1604,25.0,230,4.0
12_1060,0.73,2002,1604,25.0,230,4.0
12_1060,0.74,2002,1604,25.0,230,4.0
12_3995,1.0,1990,1430,25.1,699,5.6
12_3995,1.01,1990,1430,25.1,699,5.6
12_3995,1.02,1990,1430,25.1,699,5.6
12_3995,1.0,1990,1430,25.1,699,5.6
12_3995,1.01,1992,1626,23.6,1022,5.6
12_3995,0.99,1992,1626,23.6,1022,5.6
12_3995,1.0,1992,1626,23.6,1022,5.6
12_3995,1.01,1992,1626,23.6,1022,5.6
12_3995,0.99,1992,1626,23.6,1022,5.6
12_3995,0.96,1994,1996,24.2,501,5.6
12_3995,0.95,1994,1996,24.2,501,5.6
12_3995,0.97,1994,1996,24.2,501,5.6
12_3995,0.96,1994,1996,24.2,501,5.6
12_3995,1.14,1997,1824,24.5,1826,5.6
12_3995,1.15,1997,1824,24.5,1826,5.6
12_3995,1.15,1997,1824,24.5,1826,5.6
12_3995,1.11,1997,1824,24.5,1826,5.6
12_3995,1.13,1997,1824,24.5,1826,5.6
12_3996,1.08,1990,1165,23.5,203,4.8
12_3996,1.07,1990,1165,23.5,203,4.8
12_3996,1.08,1990,1165,23.5,203,4.8
12_3996,1.05,1990,1165,23.5,203,4.8
12_3996,1.1,1990,1165,23.5,203,4.8
12_3996,1.09,1992,1300,21.9,146,4.8
12_3996,1.1,1992,1300,21.9,146,4.8
12_3996,1.14,1992,1300,21.9,146,4.8
12_3996,1.13,1992,1300,21.9,146,4.8
12_3996,1.13,1992,1300,21.9,146,4.8
12_3996,1.08,1994,1350,22.3,132,4.8
12_3996,1.08,1994,1350,22.3,132,4.8
12_3996,1.08,1994,1350,22.3,132,4.8
12_3996,1.08,1994,1350,22.3,132,4.8
12_3996,0.94,1998,1282,22.4,188,4.8
12_3996,0.95,1998,1282,22.4,188,4.8
12_3996,0.97,1998,1282,22.4,188,4.8
12_3996,0.96,1998,1282,22.4,188,4.8
12_3996,0.93,1998,1282,22.4,188,4.8
12_4097,0.7,1990,1146,20.2,1240,5.2
12_4097,0.7,1990,1146,20.2,1240,5.2
12_4097,0.7,1990,1146,20.2,1240,5.2
12_4097,0.7,1990,1146,20.2,1240,5.2
12_4097,0.72,1992,1721,18.6,1146,5.2
12_4097,0.71,1992,1721,18.6,1146,5.2
12_4097,0.72,1992,1721,18.6,1146,5.2
12_4097,0.81,1998,1729,20.1,1706,5.2
12_4097,0.8,1998,1729,20.1,1706,5.2
12_4097,0.8,1998,1729,20.1,1706,5.2
12_4097,0.81,1998,1729,20.1,1706,5.2
12_4097,0.84,1998,1729,20.1,1706,5.2
12_4097,0.78,2000,1121,18.8,1701,5.2
12_4097,0.77,2000,1121,18.8,1701,5.2
12_4097,0.76,2000,1121,18.8,1701,5.2
12_4097,0.79,2000,1121,18.8,1701,5.2
12_4097,0.79,2000,1121,18.8,1701,5.2
12_4097,0.8,2002,1903,19.5,1713,5.2
12_4097,0.77,2002,1903,19.5,1713,5.2
12_4097,0.79,2002,1903,19.5,1713,5.2
12_4097,0.78,2002,1903,19.5,1713,5.2
12_4097,0.79,2002,1903,19.5,1713,5.2
12_4097,0.8,2004,1792,19.6,2329,5.2
12_4097,0.79,2004,1792,19.6,2329,5.2
12_4097,0.81,2004,1792,19.6,2329,5.2
12_4097,0.81,2004,1792,19.6,2329,5.2
12_4097,0.8,2004,1792,19.6,2329,5.2
12_4097,0.8,2004,1792,19.6,2329,5.2
12_4097,0.8,2004,1792,19.6,2329,5.2
12_4097,0.78,2004,1792,19.6,2329,5.2
12_4097,0.8,2004,1792,19.6,2329,5.2
12_4097,0.8,2004,1792,19.6,2329,5.2
12_4099,0.86,1990,1239,25.1,207,4.7
12_4099,0.88,1990,1239,25.1,207,4.7
12_4099,0.87,1990,1239,25.1,207,4.7
12_4099,0.87,1990,1239,25.1,207,4.7
12_4099,0.87,1990,1239,25.1,207,4.7
12_4103,0.66,1990,1383,25.6,259,3.7
12_4103,0.65,1990,1383,25.6,259,3.7
12_4103,0.64,1990,1383,25.6,259,3.7
12_4103,0.65,1990,1383,25.6,259,3.7
12_4103,0.66,1990,1383,25.6,259,3.7
12_4103,0.63,1992,1563,24.8,557,3.7
12_4103,0.66,1992,1563,24.8,557,3.7
12_4103,0.64,1992,1563,24.8,557,3.7
12_4103,0.64,1992,1563,24.8,557,3.7
12_4103,0.66,1992,1563,24.8,557,3.7
12_4103,0.61,1994,2091,25.5,302,3.7
12_4103,0.63,1994,2091,25.5,302,3.7
12_4103,0.63,1994,2091,25.5,302,3.7
12_4103,0.63,1994,2091,25.5,302,3.7
12_4103,0.61,1994,2091,25.5,302,3.7
12_4103,0.83,1998,1732,25.9,837,3.7
12_4103,0.82,1998,1732,25.9,837,3.7
12_4103,0.82,1998,1732,25.9,837,3.7
12_4103,0.82,1998,1732,25.9,837,3.7
12_4105,0.79,1990,804,21.8,326,5.0
12_4105,0.82,1990,804,21.8,326,5.0
12_4105,0.81,1990,804,21.8,326,5.0
12_4105,0.82,1990,804,21.8,326,5.0
12_4105,0.81,1990,804,21.8,326,5.0
12_4105,0.86,1992,1619,20.5,526,5.0
12_4105,0.85,1992,1619,20.5,526,5.0
12_4105,0.84,1992,1619,20.5,526,5.0
12_4105,0.83,1992,1619,20.5,526,5.0
12_4105,0.85,1992,1619,20.5,526,5.0
12_4107,1.14,1990,1189,23.9,214,2.8
12_4107,1.14,1990,1189,23.9,214,2.8
12_4107,1.15,1990,1189,23.9,214,2.8
12_4107,1.15,1990,1189,23.9,214,2.8
12_4107,1.16,1990,1189,23.9,214,2.8
12_4107,1.2,1992,1465,22.7,134,2.8
12_4107,1.21,1992,1465,22.7,134,2.8
12_4107,1.2,1992,1465,22.7,134,2.8
12_4107,1.2,1992,1465,22.7,134,2.8
12_4107,1.19,1992,1465,22.7,134,2.8
12_4107,1.15,1994,1974,23.7,100,2.8
12_4107,1.14,1994,1974,23.7,100,2.8
12_4107,1.18,1994,1974,23.7,100,2.8
12_4107,1.15,1994,1974,23.7,100,2.8
12_4107,1.14,1994,1974,23.7,100,2.8
12_4107,1.47,1998,1789,22.8,177,2.8
12_4107,1.5,1998,1789,22.8,177,2.8
12_4107,1.51,1998,1789,22.8,177,2.8
12_4107,1.51,1998,1789,22.8,177,2.8
12_4107,1.46,1998,1789,22.8,177,2.8
12_4108,0.72,1990,1543,20.3,298,5.1
12_4108,0.7,1990,1543,20.3,298,5.1
12_4108,0.71,1990,1543,20.3,298,5.1
12_4108,0.68,1990,1543,20.3,298,5.1
12_4108,0.7,1990,1543,20.3,298,5.1
12_4108,0.73,1992,1943,19.3,199,5.1
12_4108,0.73,1992,1943,19.3,199,5.1
12_4108,0.73,1992,1943,19.3,199,5.1
12_4108,0.74,1992,1943,19.3,199,5.1
12_4108,0.74,1992,1943,19.3,199,5.1
13_4111,0.71,1990,1345,17.7,562,4.5
13_4111,0.73,1990,1345,17.7,562,4.5
13_4111,0.71,1990,1345,17.7,562,4.5
13_4111,0.72,1990,1345,17.7,562,4.5
13_4111,0.71,1990,1345,17.7,562,4.5
13_4111,0.72,1992,1448,16.1,173,4.5
13_4111,0.72,1992,1448,16.1,173,4.5
13_4111,0.73,1992,1448,16.1,173,4.5
13_4111,0.73,1992,1448,16.1,173,4.5
13_4111,0.7,1992,1448,16.1,173,4.5
15_1003,2.52,1991,676,24.2,170,5.8
15_1003,2.44,1993,699,23.8,126,5.8
15_1003,2.4,1995,466,24.2,138,5.8
15_1003,2.53,1997,936,24.2,84,5.8
15_1003,2.5,1999,547,23.7,166,5.8
15_1003,2.5,2001,517,24.0,194,5.8
15_1003,2.46,2003,699,24.4,165,5.8
15_1003,2.51,2005,757,25.2,396,5.8
15_1006,2.42,1991,674,24.2,154,3.7
15_1006,2.33,1993,701,23.8,188,3.7
15_1006,2.66,1995,470,24.2,202,3.7
15_1006,2.38,1997,936,24.2,229,3.7
15_1006,2.41,1999,548,23.7,157,3.7
15_1006,2.36,2001,518,24.0,220,3.7
15_1006,2.32,2003,700,24.4,182,3.7
15_1006,2.42,2005,764,25.2,202,3.7
15_1008,1.81,1991,786,23.7,351,4.9
15_1008,1.88,1993,738,23.4,258,4.9
15_1008,1.8,1995,722,23.7,324,4.9
15_1008,1.88,1997,1132,23.7,289,4.9
15_1008,1.99,1999,584,22.7,377,4.9
15_1008,2.1,2001,822,23.2,357,4.9
15_1008,2.17,2003,501,22.9,491,4.9
15_1008,2.61,2005,1022,22.8,424,4.9
15_7080,1.53,1991,436,24.4,248,2.8
15_7080,1.51,1993,438,24.1,223,2.8
15_7080,1.46,1995,398,24.4,193,2.8
15_7080,1.52,1997,758,24.4,375,2.8
15_7080,1.48,1999,322,23.5,504,2.8
15_7080,1.42,2001,431,23.8,572,2.8
15_7080,1.46,2003,355,23.7,433,2.8
16_1021,1.28,1989,260,6.1,490,3.3
16_1021,1.27,1989,260,6.1,490,3.3
16_1021,1.29,1989,260,6.1,490,3.3
16_1021,1.26,1989,260,6.1,490,3.3
16_1021,1.27,1989,260,6.1,490,3.3
16_1021,1.26,1990,232,7.2,446,3.3
16_1021,1.24,1990,232,7.2,446,3.3
16_1021,1.25,1990,232,7.2,446,3.3
16_1021,1.25,1990,232,7.2,446,3.3
16_1021,1.24,1990,232,7.2,446,3.3
16_1021,1.25,1990,232,7.2,446,3.3
16_1021,1.23,1990,232,7.2,446,3.3
16_1021,1.24,1990,232,7.2,446,3.3
16_1021,1.22,1990,232,7.2,446,3.3
16_1021,1.24,1990,232,7.2,446,3.3
16_1021,1.27,1991,319,6.8,492,3.3
16_1021,1.25,1991,319,6.8,492,3.3
16_1021,1.24,1991,319,6.8,492,3.3
16_1021,1.25,1991,319,6.8,492,3.3
16_1021,1.23,1991,319,6.8,492,3.3
16_1021,1.28,1992,239,7.6,402,3.3
16_1021,1.3,1992,239,7.6,402,3.3
16_1021,1.27,1992,239,7.6,402,3.3
16_1021,1.27,1992,239,7.6,402,3.3
16_1021,1.26,1992,239,7.6,402,3.3
16_1021,1.26,1993,430,5.1,776,3.3
16_1021,1.24,1993,430,5.1,776,3.3
16_1021,1.23,1993,430,5.1,776,3.3
16_1021,1.24,1993,430,5.1,776,3.3
16_1021,1.19,1994,308,7.8,633,3.3
16_1021,1.2,1994,308,7.8,633,3.3
16_1021,1.17,1994,308,7.8,633,3.3
16_1021,1.19,1994,308,7.8,633,3.3
16_1021,1.19,1994,308,7.8,633,3.3
16_1021,1.19,1995,476,7.3,760,3.3
16_1021,1.2,1995,476,7.3,760,3.3
16_1021,1.2,1995,476,7.3,760,3.3
16_1021,1.19,1995,476,7.3,760,3.3
16_1021,1.2,1995,476,7.3,760,3.3
16_1021,1.23,1997,429,7.1,450,3.3
16_1021,1.23,1997,429,7.1,450,3.3
16_1021,1.25,1997,429,7.1,450,3.3
16_1021,1.23,1998,499,7.4,473,3.3
16_1021,1.23,1998,499,7.4,473,3.3
16_1021,1.23,1998,499,7.4,473,3.3
16_1021,1.23,1998,499,7.4,473,3.3
16_1021,1.23,1998,499,7.4,473,3.3
16_1021,1.23,1999,352,7.0,530,3.3
16_1021,1.23,1999,352,7.0,530,3.3
16_1021,1.24,1999,352,7.0,530,3.3
16_1021,1.25,1999,352,7.0,530,3.3
16_1021,1.25,1999,352,7.0,530,3.3
16_1021,1.19,2001,227,7.1,565,3.3
16_1021,1.21,2001,227,7.1,565,3.3
16_1021,1.19,2001,227,7.1,565,3.3
16_1021,1.21,2001,227,7.1,565,3.3
16_1021,1.2,2001,227,7.1,565,3.3
16_1021,1.17,2003,229,8.2,626,3.3
16_1021,1.17,2003,229,8.2,626,3.3
16_1021,1.18,2003,229,8.2,626,3.3
16_1021,1.18,2003,229,8.2,626,3.3
16_1021,1.18,2003,229,8.2,626,3.3
16_1021,1.16,2005,409,6.6,656,3.3
16_1021,1.17,2005,409,6.6,656,3.3
16_1021,1.18,2005,409,6.6,656,3.3
16_1021,1.15,2005,409,6.6,656,3.3
16_1021,1.17,2005,409,6.6,656,3.3
17_1003,0.94,1990,1235,14.0,212,7.2
17_1003,0.93,1990,1235,14.0,212,7.2
17_1003,0.92,1990,1235,14.0,212,7.2
17_1003,0.96,1990,1235,14.0,212,7.2
17_1003,0.93,1990,1235,14.0,212,7.2
17_1003,0.93,1990,1235,14.0,212,7.2
17_1003,1.04,1990,1235,14.0,212,7.2
17_1003,0.96,1990,1235,14.0,212,7.2
17_1003,0.99,1990,1235,14.0,212,7.2
17_1003,0.92,1990,1235,14.0,212,7.2
17_1003,0.99,1990,1235,14.0,212,7.2
17_1003,0.99,1990,1235,14.0,212,7.2
17_1003,0.94,1991,993,14.0,208,7.2
17_1003,0.95,1991,993,14.0,208,7.2
17_1003,0.94,1991,993,14.0,208,7.2
17_1003,0.94,1991,993,14.0,208,7.2
17_1003,0.94,1991,993,14.0,208,7.2
17_1003,0.97,1992,808,13.8,247,7.2
17_1003,0.98,1992,808,13.8,247,7.2
17_1003,0.98,1992,808,13.8,247,7.2
17_1003,0.97,1992,808,13.8,247,7.2
17_1003,0.97,1992,808,13.8,247,7.2
17_1003,0.92,1994,979,13.4,286,7.2
17_1003,0.93,1994,979,13.4,286,7.2
17_1003,0.92,1994,979,13.4,286,7.2
17_1003,0.94,1994,979,13.4,286,7.2
17_1003,0.94,1995,1149,13.0,305,7.2
17_1003,0.97,1995,1149,13.0,305,7.2
17_1003,0.99,1995,1149,13.0,305,7.2
17_1003,0.95,1995,1149,13.0,305,7.2
17_1003,0.97,1995,1149,13.0,305,7.2
17_1003,1.02,1997,919,12.8,375,7.2
17_1003,0.99,1997,919,12.8,375,7.2
17_1003,1.03,1997,919,12.8,375,7.2
17_1003,1.0,1997,919,12.8,375,7.2
17_1003,0.98,1997,919,12.8,375,7.2
17_1003,1.05,1999,940,13.9,379,7.2
17_1003,1.02,1999,940,13.9,379,7.2
17_1003,1.03,1999,940,13.9,379,7.2
17_1003,1.01,1999,940,13.9,379,7.2
17_1003,1.02,1999,940,13.9,379,7.2
17_1003,1.02,1999,940,13.9,379,7.2
17_1003,1.05,1999,940,13.9,379,7.2
17_1003,1.01,1999,940,13.9,379,7.2
17_1003,1.03,1999,940,13.9,379,7.2
17_1003,1.06,1999,940,13.9,379,7.2
17_1003,0.98,2000,1200,12.9,405,7.2
17_1003,0.97,2000,1200,12.9,405,7.2
17_1003,0.99,2000,1200,12.9,405,7.2
17_1003,0.97,2000,1200,12.9,405,7.2
17_1003,0.98,2000,1200,12.9,405,7.2
17_1003,1.03,2001,946,13.7,465,7.2
17_1003,1.03,2001,946,13.7,465,7.2
17_1003,1.06,2001,946,13.7,465,7.2
17_1003,1.02,2001,946,13.7,465,7.2
17_1003,1.08,2004,1329,13.2,645,7.2
17_1003,1.06,2004,1329,13.2,645,7.2
17_1003,1.08,2004,1329,13.2,645,7.2
17_1003,1.06,2004,1329,13.2,645,7.2
17_1003,1.08,2004,1329,13.2,645,7.2
17_1003,1.12,2007,891,14.1,825,7.2
17_1003,1.11,2007,891,14.1,825,7.2
17_1003,1.12,2007,891,14.1,825,7.2
17_1003,1.14,2007,891,14.1,825,7.2
17_1003,1.12,2007,891,14.1,825,7.2
18_2009,1.5,1989,1212,9.9,450,6.1
18_2009,1.53,1989,1212,9.9,450,6.1
18_2009,1.52,1989,1212,9.9,450,6.1
18_2009,1.54,1989,1212,9.9,450,6.1
18_2009,1.53,1989,1212,9.9,450,6.1
18_2009,1.7,1991,895,11.8,481,6.1
18_2009,1.73,1991,895,11.8,481,6.1
18_2009,1.7,1991,895,11.8,481,6.1
18_2009,1.68,1991,895,11.8,481,6.1
18_2009,1.69,1991,895,11.8,481,6.1
18_2009,1.74,1992,1192,10.4,483,6.1
18_2009,1.75,1992,1192,10.4,483,6.1
18_2009,1.74,1992,1192,10.4,483,6.1
18_2009,1.73,1992,1192,10.4,483,6.1
18_2009,1.75,1992,1192,10.4,483,6.1
18_2009,1.93,1994,821,10.5,472,6.1
18_2009,1.92,1994,821,10.5,472,6.1
18_2009,1.94,1994,821,10.5,472,6.1
18_2009,1.94,1994,821,10.5,472,6.1
18_2009,2.29,1995,925,10.6,602,6.1
18_2009,2.27,1995,925,10.6,602,6.1
18_2009,2.28,1995,925,10.6,602,6.1
18_2009,2.28,1995,925,10.6,602,6.1
18_2009,2.26,1995,925,10.6,602,6.1
18_2009,3.81,1998,1202,12.6,657,6.1
18_2009,3.64,1998,1202,12.6,657,6.1
18_2009,3.63,1998,1202,12.6,657,6.1
18_2009,3.66,1998,1202,12.6,657,6.1
18_2009,3.56,1998,1202,12.6,657,6.1
18_2009,3.22,1998,1202,12.6,657,6.1
18_2009,3.27,1998,1202,12.6,657,6.1
18_2009,3.28,1998,1202,12.6,657,6.1
18_2009,3.22,1998,1202,12.6,657,6.1
18_2009,3.27,1998,1202,12.6,657,6.1
1_1021,0.98,1990,1311,18.5,289,5.6
1_1021,0.97,1990,1311,18.5,289,5.6
1_1021,0.96,1990,1311,18.5,289,5.6
1_1021,0.97,1990,1311,18.5,289,5.6
1_1021,0.93,1992,1598,16.8,307,5.6
1_1021,0.93,1992,1598,16.8,307,5.6
1_1021,0.95,1992,1598,16.8,307,5.6
1_1021,0.97,1992,1598,16.8,307,5.6
1_1021,0.96,1992,1598,16.8,307,5.6
1_1021,1.0,1994,1477,17.9,346,5.6
1_1021,1.0,1994,1477,17.9,346,5.6
1_1021,0.98,1994,1477,17.9,346,5.6
1_1021,1.01,1995,1308,17.9,323,5.6
1_1021,0.98,1995,1308,17.9,323,5.6
1_1021,1.01,1995,1308,17.9,323,5.6
1_1021,1.01,1995,1308,17.9,323,5.6
1_1021,1.13,1999,1266,18.1,377,5.6
1_1021,1.18,1999,1266,18.1,377,5.6
1_1021,1.17,1999,1266,18.1,377,5.6
1_1021,1.16,1999,1266,18.1,377,5.6
1_1021,1.17,1999,1266,18.1,377,5.6
1_4125,0.93,1990,1331,19.1,636,4.1
1_4125,0.98,1990,1331,19.1,636,4.1
1_4125,0.96,1990,1331,19.1,636,4.1
1_4125,0.96,1990,1331,19.1,636,4.1
1_4125,0.97,1990,1331,19.1,636,4.1
1_4125,0.94,1990,1331,19.1,636,4.1
1_4125,0.96,1990,1331,19.1,636,4.1
1_4125,0.98,1990,1331,19.1,636,4.1
1_4125,0.96,1990,1331,19.1,636,4.1
1_4125,0.91,1990,1331,19.1,636,4.1
1_4125,0.92,1992,1624,17.4,674,4.1
1_4125,0.92,1992,1624,17.4,674,4.1
1_4125,0.92,1992,1624,17.4,674,4.1
1_4125,0.93,1992,1624,17.4,674,4.1
1_4125,0.94,1992,1624,17.4,674,4.1
1_4125,1.1,1994,1491,18.4,709,4.1
1_4125,1.09,1994,1491,18.4,709,4.1
1_4125,1.1,1994,1491,18.4,709,4.1
1_4125,1.09,1994,1491,18.4,709,4.1
1_4125,1.11,1994,1491,18.4,709,4.1
1_4125,1.08,1995,1273,18.3,737,4.1
1_4125,1.1,1995,1273,18.3,737,4.1
1_4125,1.13,1995,1273,18.3,737,4.1
1_4125,1.11,1995,1273,18.3,737,4.1
1_4125,1.26,1999,1217,18.4,829,4.1
1_4125,1.24,1999,1217,18.4,829,4.1
1_4125,1.54,1999,1217,18.4,829,4.1
1_4125,1.25,1999,1217,18.4,829,4.1
1_4125,1.22,1999,1217,18.4,829,4.1
1_4126,0.81,1990,1706,17.0,2396,8.0
1_4126,0.81,1990,1706,17.0,2396,8.0
1_4126,0.82,1990,1706,17.0,2396,8.0
1_4126,0.82,1990,1706,17.0,2396,8.0
1_4126,0.82,1990,1706,17.0,2396,8.0
1_4126,0.85,1992,1425,14.7,2541,8.0
1_4126,0.84,1992,1425,14.7,2541,8.0
1_4126,0.82,1992,1425,14.7,2541,8.0
1_4126,0.83,1992,1425,14.7,2541,8.0
1_4126,0.83,1992,1425,14.7,2541,8.0
1_4126,0.83,1994,1778,15.9,2696,8.0
1_4126,0.84,1994,1778,15.9,2696,8.0
1_4126,0.85,1994,1778,15.9,2696,8.0
1_4126,0.83,1994,1778,15.9,2696,8.0
1_4126,0.95,1996,1624,15.1,2860,8.0
1_4126,0.95,1996,1624,15.1,2860,8.0
1_4126,0.95,1996,1624,15.1,2860,8.0
1_4126,0.95,1996,1624,15.1,2860,8.0
1_4126,0.99,1999,1311,16.1,3126,8.0
1_4126,0.98,1999,1311,16.1,3126,8.0
1_4126,1.0,1999,1311,16.1,3126,8.0
1_4126,1.02,1999,1311,16.1,3126,8.0
1_4126,1.0,1999,1311,16.1,3126,8.0
23_1012,0.73,1989,1125,7.2,1690,5.7
23_1012,0.73,1989,1125,7.2,1690,5.7
23_1012,0.71,1989,1125,7.2,1690,5.7
23_1012,0.74,1989,1125,7.2,1690,5.7
23_1012,0.75,1991,1318,8.7,1160,5.7
23_1012,0.73,1991,1318,8.7,1160,5.7
23_1012,0.77,1991,1318,8.7,1160,5.7
23_1012,0.73,1991,1318,8.7,1160,5.7
23_1012,0.78,1991,1318,8.7,1160,5.7
23_1012,0.73,1992,960,7.5,1210,5.7
23_1012,0.72,1992,960,7.5,1210,5.7
23_1012,0.69,1992,960,7.5,1210,5.7
23_1012,0.73,1992,960,7.5,1210,5.7
23_1012,0.7,1992,960,7.5,1210,5.7
23_1012,0.81,1994,1171,7.9,1280,5.7
23_1012,0.83,1994,1171,7.9,1280,5.7
23_1012,0.81,1994,1171,7.9,1280,5.7
23_1012,0.79,1994,1171,7.9,1280,5.7
23_1012,0.78,1994,1171,7.9,1280,5.7
23_1012,0.82,1995,1119,7.8,1320,5.7
23_1012,0.8,1995,1119,7.8,1320,5.7
23_1012,0.8,1995,1119,7.8,1320,5.7
23_1012,0.8,1995,1119,7.8,1320,5.7
23_1012,0.79,1995,1119,7.8,1320,5.7
23_1012,0.81,1997,1062,7.1,1437,5.7
23_1012,0.79,1997,1062,7.1,1437,5.7
23_1012,0.81,1997,1062,7.1,1437,5.7
23_1012,0.78,1997,1062,7.1,1437,5.7
23_1012,0.8,1997,1062,7.1,1437,5.7
23_1012,0.81,1998,1415,8.8,1530,5.7
23_1012,0.77,1998,1415,8.8,1530,5.7
23_1012,0.8,1998,1415,8.8,1530,5.7
23_1012,0.78,1998,1415,8.8,1530,5.7
23_1012,0.77,1998,1415,8.8,1530,5.7
23_1012,0.81,1999,1231,8.8,1854,5.7
23_1012,0.76,1999,1231,8.8,1854,5.7
23_1012,0.79,1999,1231,8.8,1854,5.7
23_1012,0.68,1999,1231,8.8,1854,5.7
23_1012,0.73,1999,1231,8.8,1854,5.7
23_1012,0.82,2001,890,8.1,1843,5.7
23_1012,0.78,2001,890,8.1,1843,5.7
23_1012,0.83,2001,890,8.1,1843,5.7
23_1012,0.81,2001,890,8.1,1843,5.7
23_1012,0.82,2001,890,8.1,1843,5.7
23_1012,0.8,2002,1215,8.1,1799,5.7
23_1012,0.82,2002,1215,8.1,1799,5.7
23_1012,0.83,2002,1215,8.1,1799,5.7
23_1012,0.83,2002,1215,8.1,1799,5.7
23_1012,0.82,2002,1215,8.1,1799,5.7
23_1012,0.84,2002,1215,8.1,1799,5.7
23_1012,0.82,2002,1215,8.1,1799,5.7
23_1012,0.83,2002,1215,8.1,1799,5.7
23_1012,0.81,2002,1215,8.1,1799,5.7
26_1001,1.03,1990,937,7.4,40,1.6
26_1001,1.04,1990,937,7.4,40,1.6
26_1001,1.06,1990,937,7.4,40,1.6
26_1001,1.04,1990,937,7.4,40,1.6
26_1001,1.09,1990,937,7.4,40,1.6
26_1001,0.75,1990,937,7.4,40,1.6
26_1001,0.75,1990,937,7.4,40,1.6
26_1001,0.74,1990,937,7.4,40,1.6
26_1001,0.75,1990,937,7.4,40,1.6
26_1001,0.75,1990,937,7.4,40,1.6
26_1001,0.85,1991,1019,7.4,68,1.6
26_1001,0.86,1991,1019,7.4,68,1.6
26_1001,0.83,1991,1019,7.4,68,1.6
26_1001,0.83,1991,1019,7.4,68,1.6
26_1001,0.76,1991,1019,7.4,68,1.6
26_1001,0.76,1991,1019,7.4,68,1.6
26_1001,0.76,1991,1019,7.4,68,1.6
26_1001,0.76,1991,1019,7.4,68,1.6
26_1001,0.75,1991,1019,7.4,68,1.6
26_1001,0.74,1992,820,5.9,55,1.6
26_1001,0.73,1992,820,5.9,55,1.6
26_1001,0.74,1992,820,5.9,55,1.6
26_1001,0.73,1992,820,5.9,55,1.6
26_1001,0.75,1993,734,6.1,78,1.6
26_1001,0.75,1993,734,6.1,78,1.6
26_1001,0.75,1993,734,6.1,78,1.6
26_1001,0.75,1993,734,6.1,78,1.6
26_1001,0.75,1993,734,6.1,78,1.6
26_1001,0.82,1994,805,6.3,79,1.6
26_1001,0.81,1994,805,6.3,79,1.6
26_1001,0.83,1994,805,6.3,79,1.6
26_1001,0.83,1994,805,6.3,79,1.6
26_1001,0.81,1994,805,6.3,79,1.6
26_1001,0.74,1997,722,5.9,117,1.6
26_1001,0.73,1997,722,5.9,117,1.6
26_1001,0.72,1997,722,5.9,117,1.6
26_1001,0.72,1997,722,5.9,117,1.6
26_1001,0.74,1997,722,5.9,117,1.6
26_1001,0.73,1998,715,8.5,126,1.6
26_1001,0.74,1998,715,8.5,126,1.6
26_1001,0.73,1998,715,8.5,126,1.6
26_1001,0.72,1998,715,8.5,126,1.6
26_1001,0.75,1998,715,8.5,126,1.6
26_1001,0.75,2001,886,7.9,84,1.6
26_1001,0.73,2001,886,7.9,84,1.6
26_1001,0.74,2001,886,7.9,84,1.6
26_1001,0.75,2001,886,7.9,84,1.6
26_1001,0.75,2001,886,7.9,84,1.6
26_1001,0.78,2003,769,6.3,55,1.6
26_1001,0.75,2003,769,6.3,55,1.6
26_1001,0.73,2003,769,6.3,55,1.6
26_1001,0.74,2003,769,6.3,55,1.6
26_1001,0.71,2003,769,6.3,55,1.6
26_1001,0.73,2003,769,6.3,55,1.6
26_1001,0.75,2003,769,6.3,55,1.6
26_1001,0.73,2003,769,6.3,55,1.6
26_1001,0.76,2003,769,6.3,55,1.6
26_1001,0.75,2003,769,6.3,55,1.6
26_1010,1.18,1989,768,7.9,200,2.5
26_1010,1.16,1989,768,7.9,200,2.5
26_1010,1.17,1989,768,7.9,200,2.5
26_1010,1.19,1989,768,7.9,200,2.5
26_1010,1.18,1989,768,7.9,200,2.5
26_1010,1.2,1990,926,9.5,78,2.5
26_1010,1.19,1990,926,9.5,78,2.5
26_1010,1.2,1990,926,9.5,78,2.5
26_1010,1.19,1990,926,9.5,78,2.5
26_1010,1.2,1990,926,9.5,78,2.5
26_1010,1.35,1991,844,9.5,80,2.5
26_1010,1.37,1991,844,9.5,80,2.5
26_1010,2.22,1991,844,9.5,80,2.5
26_1010,1.35,1991,844,9.5,80,2.5
26_1010,2.12,1991,844,9.5,80,2.5
26_1010,2.22,1991,844,9.5,80,2.5
26_1010,1.35,1991,844,9.5,80,2.5
26_1010,2.26,1991,844,9.5,80,2.5
26_1010,1.36,1991,844,9.5,80,2.5
26_1010,2.1,1991,844,9.5,80,2.5
26_1010,1.27,1992,891,8.1,82,2.5
26_1010,1.28,1992,891,8.1,82,2.5
26_1010,1.27,1992,891,8.1,82,2.5
26_1010,1.27,1992,891,8.1,82,2.5
26_1010,1.44,1993,797,7.9,130,2.5
26_1010,1.43,1993,797,7.9,130,2.5
26_1010,1.45,1993,797,7.9,130,2.5
26_1010,1.44,1993,797,7.9,130,2.5
26_1010,1.44,1993,797,7.9,130,2.5
26_1010,1.45,1994,928,8.0,184,2.5
26_1010,1.46,1994,928,8.0,184,2.5
26_1010,1.47,1994,928,8.0,184,2.5
26_1010,1.46,1994,928,8.0,184,2.5
26_1010,1.73,1997,759,7.8,126,2.5
26_1010,1.69,1997,759,7.8,126,2.5
26_1010,1.6,1997,759,7.8,126,2.5
26_1010,1.6,1997,759,7.8,126,2.5
26_1010,1.64,1997,759,7.8,126,2.5
27_1029,1.66,1990,941,6.8,170,3.7
27_1029,1.69,1990,941,6.8,170,3.7
27_1029,1.65,1990,941,6.8,170,3.7
27_1029,1.75,1990,941,6.8,170,3.7
27_1029,1.7,1990,941,6.8,170,3.7
27_1029,1.77,1991,1082,6.1,188,3.7
27_1029,1.76,1991,1082,6.1,188,3.7
27_1029,1.78,1991,1082,6.1,188,3.7
27_1029,1.79,1991,1082,6.1,188,3.7
27_1029,1.77,1991,1082,6.1,188,3.7
27_1029,1.85,1992,641,5.8,207,3.7
27_1029,1.88,1992,641,5.8,207,3.7
27_1029,1.86,1992,641,5.8,207,3.7
27_1029,1.85,1992,641,5.8,207,3.7
27_1029,1.88,1992,641,5.8,207,3.7
27_1029,1.94,1993,823,4.8,184,3.7
27_1029,1.93,1993,823,4.8,184,3.7
27_1029,1.93,1993,823,4.8,184,3.7
27_1029,1.92,1993,823,4.8,184,3.7
27_1029,1.93,1993,823,4.8,184,3.7
27_1029,2.0,1994,832,5.7,205,3.7
27_1029,1.96,1994,832,5.7,205,3.7
27_1029,1.99,1994,832,5.7,205,3.7
27_1029,2.0,1994,832,5.7,205,3.7
27_1029,1.98,1994,832,5.7,205,3.7
28_1016,1.06,1990,1496,18.1,124,5.1
28_1016,1.07,1990,1496,18.1,124,5.1
28_1016,1.06,1990,1496,18.1,124,5.1
28_1016,1.05,1990,1496,18.1,124,5.1
28_1016,1.09,1990,1496,18.1,124,5.1
28_1016,1.08,1992,1443,16.7,171,5.1
28_1016,1.06,1992,1443,16.7,171,5.1
28_1016,1.09,1992,1443,16.7,171,5.1
28_1016,1.09,1992,1443,16.7,171,5.1
28_1016,1.09,1992,1443,16.7,171,5.1
28_1016,1.09,1992,1443,16.7,171,5.1
28_1016,1.06,1992,1443,16.7,171,5.1
28_1016,1.08,1992,1443,16.7,171,5.1
28_1016,1.06,1992,1443,16.7,171,5.1
28_1016,1.1,1992,1443,16.7,171,5.1
28_1016,1.08,1992,1443,16.7,171,5.1
28_1016,1.1,1992,1443,16.7,171,5.1
28_1016,1.1,1992,1443,16.7,171,5.1
28_1016,1.06,1992,1443,16.7,171,5.1
28_1016,1.05,1992,1443,16.7,171,5.1
28_1016,1.05,1992,1443,16.7,171,5.1
28_1016,1.07,1993,1300,16.6,173,5.1
28_1016,1.06,1993,1300,16.6,173,5.1
28_1016,1.05,1993,1300,16.6,173,5.1
28_1016,1.05,1993,1300,16.6,173,5.1
28_1016,1.03,1993,1300,16.6,173,5.1
28_1016,1.08,1994,1584,17.0,168,5.1
28_1016,1.09,1994,1584,17.0,168,5.1
28_1016,1.07,1994,1584,17.0,168,5.1
28_1016,1.09,1994,1584,17.0,168,5.1
28_1016,1.06,1994,1584,17.0,168,5.1
28_1016,1.09,1995,1487,17.1,169,5.1
28_1016,1.11,1995,1487,17.1,169,5.1
28_1016,1.12,1995,1487,17.1,169,5.1
28_1016,1.1,1995,1487,17.1,169,5.1
28_1016,1.1,1995,1487,17.1,169,5.1
28_1016,1.09,1996,1260,16.8,280,5.1
28_1016,1.1,1996,1260,16.8,280,5.1
28_1016,1.13,1996,1260,16.8,280,5.1
28_1016,1.02,1996,1260,16.8,280,5.1
28_1016,1.05,1996,1260,16.8,280,5.1
28_1016,1.1,1996,1260,16.8,280,5.1
28_1016,1.07,1996,1260,16.8,280,5.1
28_1016,1.12,1996,1260,16.8,280,5.1
28_1016,1.1,1996,1260,16.8,280,5.1
28_1016,1.12,1996,1260,16.8,280,5.1
28_1016,1.04,1996,1260,16.8,280,5.1
28_1016,1.04,1996,1260,16.8,280,5.1
28_1016,1.08,1996,1260,16.8,280,5.1
28_1016,1.1,1996,1260,16.8,280,5.1
28_1016,1.12,1996,1260,16.8,280,5.1
28_1016,1.1,1996,1260,16.8,280,5.1
28_1016,1.12,1996,1260,16.8,280,5.1
28_1016,1.11,1996,1260,16.8,280,5.1
28_1016,1.07,1996,1260,16.8,280,5.1
28_1016,1.08,1997,1712,16.6,208,5.1
28_1016,1.07,1997,1712,16.6,208,5.1
28_1016,1.06,1997,1712,16.6,208,5.1
28_1016,1.05,1997,1712,16.6,208,5.1
28_1016,1.06,1997,1712,16.6,208,5.1
28_3082,1.06,1990,1505,16.7,252,5.7
28_3082,1.06,1990,1505,16.7,252,5.7
28_3082,1.05,1990,1505,16.7,252,5.7
28_3082,1.04,1990,1505,16.7,252,5.7
28_3082,1.04,1990,1505,16.7,252,5.7
28_3082,1.1,1992,1240,15.5,354,5.7
28_3082,1.11,1992,1240,15.5,354,5.7
28_3082,1.09,1992,1240,15.5,354,5.7
28_3082,1.11,1992,1240,15.5,354,5.7
28_3082,1.15,1994,1431,16.0,375,5.7
28_3082,1.15,1994,1431,16.0,375,5.7
28_3082,1.15,1994,1431,16.0,375,5.7
28_3082,1.15,1994,1431,16.0,375,5.7
28_3082,1.15,1994,1431,16.0,375,5.7
28_3082,1.3,1995,1497,16.0,386,5.7
28_3082,1.29,1995,1497,16.0,386,5.7
28_3082,1.29,1995,1497,16.0,386,5.7
28_3082,1.28,1995,1497,16.0,386,5.7
28_3082,1.28,1995,1497,16.0,386,5.7
28_3082,1.48,1998,1488,16.9,422,5.7
28_3082,1.49,1998,1488,16.9,422,5.7
28_3082,1.4,1998,1488,16.9,422,5.7
28_3082,1.46,1998,1488,16.9,422,5.7
28_3082,1.47,1998,1488,16.9,422,5.7
28_3082,1.65,2001,1869,15.8,465,5.7
28_3082,1.69,2001,1869,15.8,465,5.7
28_3082,1.76,2001,1869,15.8,465,5.7
28_3082,1.68,2001,1869,15.8,465,5.7
28_3082,1.68,2001,1869,15.8,465,5.7
28_3083,1.46,1990,1612,17.1,13,2.0
28_3083,1.46,1990,1612,17.1,13,2.0
28_3083,1.46,1990,1612,17.1,13,2.0
28_3083,1.46,1990,1612,17.1,13,2.0
28_3083,1.47,1990,1612,17.1,13,2.0
28_3083,1.45,1992,1335,15.5,23,2.0
28_3083,1.46,1992,1335,15.5,23,2.0
28_3083,1.47,1992,1335,15.5,23,2.0
28_3083,1.46,1992,1335,15.5,23,2.0
28_3083,1.47,1992,1335,15.5,23,2.0
28_3083,1.39,1994,1522,15.9,24,2.0
28_3083,1.39,1994,1522,15.9,24,2.0
28_3083,1.4,1994,1522,15.9,24,2.0
28_3083,1.38,1994,1522,15.9,24,2.0
28_3083,1.73,1995,1335,15.9,22,2.0
28_3083,1.72,1995,1335,15.9,22,2.0
28_3083,1.69,1995,1335,15.9,22,2.0
28_3083,1.71,1995,1335,15.9,22,2.0
28_3083,1.61,1998,1310,17.5,28,2.0
28_3083,1.55,1998,1310,17.5,28,2.0
28_3083,1.63,1998,1310,17.5,28,2.0
28_3083,1.61,1998,1310,17.5,28,2.0
28_3083,1.6,1998,1310,17.5,28,2.0
28_3083,1.58,1999,1334,17.0,29,2.0
28_3083,1.54,1999,1334,17.0,29,2.0
28_3083,1.55,1999,1334,17.0,29,2.0
28_3083,1.57,1999,1334,17.0,29,2.0
28_3083,1.56,1999,1334,17.0,29,2.0
28_3083,1.65,2001,1812,16.0,31,2.0
28_3083,1.65,2001,1812,16.0,31,2.0
28_3083,1.65,2001,1812,16.0,31,2.0
28_3083,1.63,2001,1812,16.0,31,2.0
28_3083,1.7,2002,1897,16.3,32,2.0
28_3083,1.76,2002,1897,16.3,32,2.0
28_3083,1.74,2002,1897,16.3,32,2.0
28_3083,1.65,2002,1897,16.3,32,2.0
28_3083,1.66,2002,1897,16.3,32,2.0
28_3083,1.76,2004,1659,16.4,35,2.0
28_3083,1.79,2004,1659,16.4,35,2.0
28_3083,1.76,2004,1659,16.4,35,2.0
28_3083,1.73,2004,1659,16.4,35,2.0
28_3083,1.79,2004,1659,16.4,35,2.0
28_3083,2.01,2011,1455,16.7,43,2.0
28_3083,2.0,2011,1455,16.7,43,2.0
28_3083,2.01,2011,1455,16.7,43,2.0
28_3083,1.99,2011,1455,16.7,43,2.0
28_3083,2.05,2011,1455,16.7,43,2.0
28_3083,2.42,2016,1336,17.2,51,2.0
28_3083,2.32,2016,1336,17.2,51,2.0
28_3083,2.39,2016,1336,17.2,51,2.0
28_3083,2.23,2016,1336,17.2,51,2.0
28_3083,2.29,2016,1336,17.2,51,2.0
29_1005,0.82,1990,1348,14.3,598,4.1
29_1005,0.77,1990,1348,14.3,598,4.1
29_1005,0.79,1990,1348,14.3,598,4.1
29_1005,0.81,1990,1348,14.3,598,4.1
29_1005,0.79,1990,1348,14.3,598,4.1
29_1005,0.79,1990,1348,14.3,598,4.1
29_1005,0.8,1990,1348,14.3,598,4.1
29_1005,0.82,1990,1348,14.3,598,4.1
29_1005,0.79,1992,1013,13.2,317,4.1
29_1005,0.78,1992,1013,13.2,317,4.1
29_1005,0.79,1992,1013,13.2,317,4.1
29_1005,0.81,1992,1013,13.2,317,4.1
29_1005,0.79,1992,1013,13.2,317,4.1
29_1005,0.81,1993,1531,12.8,447,4.1
29_1005,0.81,1993,1531,12.8,447,4.1
29_1005,0.81,1993,1531,12.8,447,4.1
29_1005,0.79,1993,1531,12.8,447,4.1
29_1005,0.82,1993,1531,12.8,447,4.1
29_1005,0.73,1994,1365,13.6,499,4.1
29_1005,0.74,1994,1365,13.6,499,4.1
29_1005,0.74,1994,1365,13.6,499,4.1
29_1005,0.73,1994,1365,13.6,499,4.1
29_1005,0.72,1994,1365,13.6,499,4.1
29_1005,0.78,1997,869,12.9,472,4.1
29_1005,0.76,1997,869,12.9,472,4.1
29_1005,0.76,1997,869,12.9,472,4.1
29_1005,0.79,1997,869,12.9,472,4.1
29_1005,0.76,1997,869,12.9,472,4.1
29_1005,0.77,1998,1315,14.8,513,4.1
29_1005,0.8,1998,1315,14.8,513,4.1
29_1005,0.8,1998,1315,14.8,513,4.1
29_1005,0.76,1998,1315,14.8,513,4.1
29_1005,0.8,1999,811,14.7,542,4.1
29_1005,0.8,1999,811,14.7,542,4.1
29_1005,0.79,1999,811,14.7,542,4.1
29_1005,0.79,1999,811,14.7,542,4.1
29_1005,0.81,1999,811,14.7,542,4.1
29_1005,0.81,2000,714,14.3,730,4.1
29_1005,0.83,2000,714,14.3,730,4.1
29_1005,0.83,2000,714,14.3,730,4.1
29_1005,0.81,2000,714,14.3,730,4.1
29_1005,0.82,2000,714,14.3,730,4.1
29_1005,0.82,2001,1076,15.0,760,4.1
29_1005,0.83,2001,1076,15.0,760,4.1
29_1005,0.82,2001,1076,15.0,760,4.1
29_1005,0.8,2001,1076,15.0,760,4.1
29_1005,0.88,2002,957,12.6,789,4.1
29_1005,0.87,2002,957,12.6,789,4.1
29_1005,0.84,2002,957,12.6,789,4.1
29_1005,0.86,2002,957,12.6,789,4.1
29_1005,0.88,2002,957,12.6,789,4.1
29_1005,0.89,2004,1202,13.4,860,4.1
29_1005,0.87,2004,1202,13.4,860,4.1
29_1005,0.91,2004,1202,13.4,860,4.1
29_1005,0.91,2004,1202,13.4,860,4.1
29_1005,0.97,2005,918,14.1,757,4.1
29_1005,0.9,2005,918,14.1,757,4.1
29_1005,0.9,2005,918,14.1,757,4.1
29_1005,0.89,2005,918,14.1,757,4.1
29_1005,0.87,2005,918,14.1,757,4.1
30_1001,1.04,1989,634,6.0,151,4.3
30_1001,1.01,1989,634,6.0,151,4.3
30_1001,1.04,1989,634,6.0,151,4.3
30_1001,1.02,1989,634,6.0,151,4.3
30_1001,1.05,1989,634,6.0,151,4.3
30_1001,1.01,1990,360,7.3,172,4.3
30_1001,1.04,1990,360,7.3,172,4.3
30_1001,1.02,1990,360,7.3,172,4.3
30_1001,1.01,1990,360,7.3,172,4.3
30_1001,1.01,1990,360,7.3,172,4.3
30_1001,1.07,1990,360,7.3,172,4.3
30_1001,1.04,1990,360,7.3,172,4.3
30_1001,1.02,1990,360,7.3,172,4.3
30_1001,1.04,1990,360,7.3,172,4.3
30_1001,1.01,1990,360,7.3,172,4.3
30_1001,1.02,1991,458,7.5,155,4.3
30_1001,1.04,1991,458,7.5,155,4.3
30_1001,1.02,1991,458,7.5,155,4.3
30_1001,1.02,1991,458,7.5,155,4.3
30_1001,1.03,1991,458,7.5,155,4.3
30_1001,1.05,1992,455,7.7,168,4.3
30_1001,1.05,1992,455,7.7,168,4.3
30_1001,1.07,1992,455,7.7,168,4.3
30_1001,1.07,1992,455,7.7,168,4.3
30_1001,1.05,1992,455,7.7,168,4.3
30_1001,1.07,1993,772,5.5,172,4.3
30_1001,1.08,1993,772,5.5,172,4.3
30_1001,1.07,1993,772,5.5,172,4.3
30_1001,1.09,1993,772,5.5,172,4.3
30_1001,1.08,1993,772,5.5,172,4.3
30_1001,1.1,1994,332,7.7,195,4.3
30_1001,1.09,1994,332,7.7,195,4.3
30_1001,1.11,1994,332,7.7,195,4.3
30_1001,1.14,1994,332,7.7,195,4.3
30_1001,1.13,1994,332,7.7,195,4.3
30_1001,1.09,1995,633,6.8,200,4.3
30_1001,1.1,1995,633,6.8,200,4.3
30_1001,1.07,1995,633,6.8,200,4.3
30_1001,1.08,1995,633,6.8,200,4.3
30_1001,1.14,1996,428,4.9,214,4.3
30_1001,1.12,1996,428,4.9,214,4.3
30_1001,1.12,1996,428,4.9,214,4.3
30_1001,1.13,1996,428,4.9,214,4.3
30_1001,1.09,1997,504,7.1,212,4.3
30_1001,1.11,1997,504,7.1,212,4.3
30_1001,1.09,1997,504,7.1,212,4.3
30_1001,1.1,1997,504,7.1,212,4.3
30_1001,1.24,1998,457,7.9,199,4.3
30_1001,1.25,1998,457,7.9,199,4.3
30_1001,1.28,1998,457,7.9,199,4.3
30_1001,1.27,1998,457,7.9,199,4.3
30_1001,1.25,1998,457,7.9,199,4.3
30_1001,1.14,1999,385,8.5,189,4.3
30_1001,1.13,1999,385,8.5,189,4.3
30_1001,1.13,1999,385,8.5,189,4.3
30_1001,1.12,1999,385,8.5,189,4.3
30_1001,1.12,1999,385,8.5,189,4.3
34_1638,0.88,1989,1372,12.0,1190,6.1
34_1638,0.92,1989,1372,12.0,1190,6.1
34_1638,0.88,1989,1372,12.0,1190,6.1
34_1638,0.89,1989,1372,12.0,1190,6.1
34_1638,0.91,1989,1372,12.0,1190,6.1
34_1638,0.93,1990,1137,13.8,1250,6.1
34_1638,0.94,1990,1137,13.8,1250,6.1
34_1638,0.94,1990,1137,13.8,1250,6.1
34_1638,0.96,1990,1137,13.8,1250,6.1
34_1638,0.94,1990,1137,13.8,1250,6.1
34_1638,0.95,1991,1059,13.9,1430,6.1
34_1638,0.93,1991,1059,13.9,1430,6.1
34_1638,0.92,1991,1059,13.9,1430,6.1
34_1638,0.97,1991,1059,13.9,1430,6.1
34_1638,0.93,1991,1059,13.9,1430,6.1
34_1638,0.9,1992,921,12.2,1615,6.1
34_1638,0.91,1992,921,12.2,1615,6.1
34_1638,0.91,1992,921,12.2,1615,6.1
34_1638,0.88,1992,921,12.2,1615,6.1
34_1638,0.89,1992,921,12.2,1615,6.1
34_1638,0.92,1993,1193,12.9,1146,6.1
34_1638,0.93,1993,1193,12.9,1146,6.1
34_1638,0.93,1993,1193,12.9,1146,6.1
34_1638,0.91,1993,1193,12.9,1146,6.1
34_1638,0.92,1993,1193,12.9,1146,6.1
34_1638,0.97,1994,1193,13.0,1149,6.1
34_1638,0.92,1994,1193,13.0,1149,6.1
34_1638,1.0,1994,1193,13.0,1149,6.1
34_1638,0.94,1994,1193,13.0,1149,6.1
34_1638,0.97,1994,1193,13.0,1149,6.1
34_1638,1.04,1997,982,12.7,1254,6.1
34_1638,1.02,1997,982,12.7,1254,6.1
34_1638,1.04,1997,982,12.7,1254,6.1
34_1638,1.02,1997,982,12.7,1254,6.1
34_1638,1.03,1997,982,12.7,1254,6.1
34_1638,1.0,1998,880,14.5,1269,6.1
34_1638,1.01,1998,880,14.5,1269,6.1
34_1638,1.0,1998,880,14.5,1269,6.1
34_1638,1.01,1998,880,14.5,1269,6.1
34_1638,0.98,1998,880,14.5,1269,6.1
34_1638,1.03,1999,1329,13.7,1178,6.1
34_1638,1.05,1999,1329,13.7,1178,6.1
34_1638,1.02,1999,1329,13.7,1178,6.1
34_1638,1.01,1999,1329,13.7,1178,6.1
34_1638,1.05,2001,841,13.5,1592,6.1
34_1638,1.06,2001,841,13.5,1592,6.1
34_1638,1.07,2001,841,13.5,1592,6.1
34_1638,1.09,2001,841,13.5,1592,6.1
34_1638,1.05,2002,1150,13.4,1609,6.1
34_1638,1.05,2002,1150,13.4,1609,6.1
34_1638,1.02,2002,1150,13.4,1609,6.1
34_1638,1.03,2002,1150,13.4,1609,6.1
34_1638,1.05,2002,1150,13.4,1609,6.1
34_1638,1.04,2002,1150,13.4,1609,6.1
34_1638,1.07,2002,1150,13.4,1609,6.1
34_1638,1.03,2002,1150,13.4,1609,6.1
34_1638,1.04,2002,1150,13.4,1609,6.1
34_1638,1.03,2002,1150,13.4,1609,6.1
34_1638,1.03,2003,1448,13.1,1914,6.1
34_1638,1.02,2003,1448,13.1,1914,6.1
34_1638,0.99,2003,1448,13.1,1914,6.1
34_1638,1.03,2003,1448,13.1,1914,6.1
34_1638,1.02,2003,1448,13.1,1914,6.1
34_1638,1.02,2004,1461,13.5,1860,6.1
34_1638,1.05,2004,1461,13.5,1860,6.1
34_1638,1.03,2004,1461,13.5,1860,6.1
34_1638,1.03,2004,1461,13.5,1860,6.1
34_1638,1.02,2005,1209,13.9,1700,6.1
34_1638,1.04,2005,1209,13.9,1700,6.1
34_1638,1.05,2005,1209,13.9,1700,6.1
34_1638,1.05,2005,1209,13.9,1700,6.1
34_1638,1.05,2005,1209,13.9,1700,6.1
35_1022,0.67,1990,312,9.7,594,4.2
35_1022,0.69,1990,312,9.7,594,4.2
35_1022,0.68,1990,312,9.7,594,4.2
35_1022,0.74,1991,312,9.3,612,4.2
35_1022,0.73,1991,312,9.3,612,4.2
35_1022,0.75,1991,312,9.3,612,4.2
35_1022,0.73,1991,312,9.3,612,4.2
35_1022,0.73,1991,312,9.3,612,4.2
35_1022,0.75,1993,216,9.9,909,4.2
35_1022,0.76,1993,216,9.9,909,4.2
35_1022,0.76,1993,216,9.9,909,4.2
35_1022,0.77,1993,216,9.9,909,4.2
35_1022,0.78,1993,216,9.9,909,4.2
35_1022,0.8,1995,209,10.7,689,4.2
35_1022,0.78,1995,209,10.7,689,4.2
35_1022,0.77,1995,209,10.7,689,4.2
35_1022,0.78,1995,209,10.7,689,4.2
35_1022,0.77,1995,209,10.7,689,4.2
35_1022,0.85,1997,369,9.9,910,4.2
35_1022,0.84,1997,369,9.9,910,4.2
35_1022,0.84,1997,369,9.9,910,4.2
35_1022,0.87,1997,369,9.9,910,4.2
35_1022,0.84,1997,369,9.9,910,4.2
35_1022,0.83,1999,233,10.6,496,4.2
35_1022,0.85,1999,233,10.6,496,4.2
35_1022,0.84,1999,233,10.6,496,4.2
35_1022,0.79,1999,233,10.6,496,4.2
35_1022,0.8,1999,233,10.6,496,4.2
35_1112,0.8,1990,368,16.4,11,3.5
35_1112,0.8,1990,368,16.4,11,3.5
35_1112,0.78,1990,368,16.4,11,3.5
35_1112,0.79,1990,368,16.4,11,3.5
35_1112,0.74,1990,368,16.4,11,3.5
35_1112,0.75,1991,549,15.9,15,3.5
35_1112,0.75,1991,549,15.9,15,3.5
35_1112,0.75,1991,549,15.9,15,3.5
35_1112,0.76,1991,549,15.9,15,3.5
35_1112,0.76,1991,549,15.9,15,3.5
35_1112,0.79,1992,456,15.8,16,3.5
35_1112,0.76,1992,456,15.8,16,3.5
35_1112,0.79,1992,456,15.8,16,3.5
35_1112,0.79,1992,456,15.8,16,3.5
35_1112,0.79,1992,456,15.8,16,3.5
35_1112,0.85,1994,275,17.3,459,3.5
35_1112,0.87,1994,275,17.3,459,3.5
35_1112,0.87,1994,275,17.3,459,3.5
35_1112,0.81,1994,275,17.3,459,3.5
35_1112,0.84,1994,275,17.3,459,3.5
35_1112,0.84,1994,275,17.3,459,3.5
35_1112,0.82,1994,275,17.3,459,3.5
35_1112,0.84,1994,275,17.3,459,3.5
35_1112,0.83,1994,275,17.3,459,3.5
35_1112,0.83,1994,275,17.3,459,3.5
35_1112,0.85,1995,354,16.6,37,3.5
35_1112,0.83,1995,354,16.6,37,3.5
35_1112,0.82,1995,354,16.6,37,3.5
35_1112,0.85,1995,354,16.6,37,3.5
35_1112,0.84,1995,354,16.6,37,3.5
35_1112,0.83,1995,354,16.6,37,3.5
35_1112,0.81,1995,354,16.6,37,3.5
35_1112,0.82,1995,354,16.6,37,3.5
35_1112,0.88,1995,354,16.6,37,3.5
35_1112,0.8,1995,354,16.6,37,3.5
35_1112,0.86,1995,354,16.6,37,3.5
35_1112,0.85,1995,354,16.6,37,3.5
35_1112,0.82,1995,354,16.6,37,3.5
35_1112,0.84,1995,354,16.6,37,3.5
35_1112,0.86,1995,354,16.6,37,3.5
35_1112,0.94,1997,596,16.7,490,3.5
35_1112,0.86,1997,596,16.7,490,3.5
35_1112,0.88,1997,596,16.7,490,3.5
35_1112,0.8,1997,596,16.7,490,3.5
35_1112,0.88,1997,596,16.7,490,3.5
35_1112,0.9,1997,596,16.7,490,3.5
35_1112,0.93,1997,596,16.7,490,3.5
35_1112,0.88,1997,596,16.7,490,3.5
35_1112,0.95,1997,596,16.7,490,3.5
35_1112,0.9,1997,596,16.7,490,3.5
35_1112,0.91,1997,596,16.7,490,3.5
35_1112,0.82,1997,596,16.7,490,3.5
35_1112,0.89,1997,596,16.7,490,3.5
35_1112,0.83,1997,596,16.7,490,3.5
35_1112,0.87,1997,596,16.7,490,3.5
35_1112,0.88,1997,596,16.7,490,3.5
35_1112,0.82,1997,596,16.7,490,3.5
35_1112,0.82,1997,596,16.7,490,3.5
35_1112,0.87,1997,596,16.7,490,3.5
35_1112,0.86,2000,343,17.7,239,3.5
35_1112,0.83,2000,343,17.7,239,3.5
35_1112,0.81,2000,343,17.7,239,3.5
35_1112,0.86,2000,343,17.7,239,3.5
35_1112,0.8,2000,343,17.7,239,3.5
35_1112,0.81,2000,343,17.7,239,3.5
35_1112,0.85,2000,343,17.7,239,3.5
35_1112,0.85,2000,343,17.7,239,3.5
35_1112,0.84,2000,343,17.7,239,3.5
35_1112,0.86,2000,343,17.7,239,3.5
35_1112,0.89,2001,311,17.5,31,3.5
35_1112,0.88,2001,311,17.5,31,3.5
35_1112,0.88,2001,311,17.5,31,3.5
35_1112,0.86,2001,311,17.5,31,3.5
35_1112,0.87,2001,311,17.5,31,3.5
35_1112,0.88,2001,311,17.5,31,3.5
35_1112,0.87,2001,311,17.5,31,3.5
35_1112,0.84,2001,311,17.5,31,3.5
35_1112,0.89,2001,311,17.5,31,3.5
35_1112,0.86,2001,311,17.5,31,3.5
35_1112,0.87,2001,311,17.5,31,3.5
35_1112,0.87,2001,311,17.5,31,3.5
35_1112,0.88,2001,311,17.5,31,3.5
35_1112,0.85,2001,311,17.5,31,3.5
35_1112,0.86,2001,311,17.5,31,3.5
35_1112,0.85,2001,311,17.5,31,3.5
35_1112,0.88,2001,311,17.5,31,3.5
35_1112,0.86,2001,311,17.5,31,3.5
35_1112,0.89,2001,311,17.5,31,3.5
35_1112,0.88,2001,311,17.5,31,3.5
35_1112,0.95,2002,473,16.9,45,3.5
35_1112,0.9,2002,473,16.9,45,3.5
35_1112,0.89,2002,473,16.9,45,3.5
35_1112,0.88,2002,473,16.9,45,3.5
35_1112,0.94,2002,473,16.9,45,3.5
35_1112,0.95,2002,473,16.9,45,3.5
35_1112,0.94,2002,473,16.9,45,3.5
35_1112,0.93,2002,473,16.9,45,3.5
35_1112,0.86,2002,473,16.9,45,3.5
35_1112,0.91,2002,473,16.9,45,3.5
35_1112,1.03,2003,185,18.0,49,3.5
35_1112,1.0,2003,185,18.0,49,3.5
35_1112,1.0,2003,185,18.0,49,3.5
35_1112,1.03,2003,185,18.0,49,3.5
35_1112,0.98,2003,185,18.0,49,3.5
35_1112,0.99,2003,185,18.0,49,3.5
35_1112,1.02,2003,185,18.0,49,3.5
35_1112,0.98,2003,185,18.0,49,3.5
35_1112,1.21,2004,816,16.8,139,3.5
35_1112,1.2,2004,816,16.8,139,3.5
35_1112,1.15,2004,816,16.8,139,3.5
35_1112,1.17,2004,816,16.8,139,3.5
35_1112,1.19,2004,816,16.8,139,3.5
35_2006,1.41,1990,403,8.7,354,4.4
35_2006,1.4,1990,403,8.7,354,4.4
35_2006,1.4,1990,403,8.7,354,4.4
35_2006,1.42,1990,403,8.7,354,4.4
35_2006,1.37,1991,292,8.5,297,4.4
35_2006,1.45,1991,292,8.5,297,4.4
35_2006,1.47,1991,292,8.5,297,4.4
35_2006,1.47,1991,292,8.5,297,4.4
35_2006,1.41,1991,292,8.5,297,4.4
37_1030,1.05,1989,1546,16.2,195,3.2
37_1030,1.04,1989,1546,16.2,195,3.2
37_1030,1.07,1989,1546,16.2,195,3.2
37_1030,1.05,1989,1546,16.2,195,3.2
37_1030,1.01,1989,1546,16.2,195,3.2
37_1030,1.08,1990,1115,17.4,203,3.2
37_1030,1.11,1990,1115,17.4,203,3.2
37_1030,1.12,1990,1115,17.4,203,3.2
37_1030,1.11,1990,1115,17.4,203,3.2
37_1030,1.1,1990,1115,17.4,203,3.2
37_1030,1.13,1990,1115,17.4,203,3.2
37_1030,1.09,1990,1115,17.4,203,3.2
37_1030,1.08,1990,1115,17.4,203,3.2
37_1030,1.1,1990,1115,17.4,203,3.2
37_1030,1.11,1991,1397,17.0,211,3.2
37_1030,1.09,1991,1397,17.0,211,3.2
37_1030,1.11,1991,1397,17.0,211,3.2
37_1030,1.12,1991,1397,17.0,211,3.2
37_1030,1.1,1991,1397,17.0,211,3.2
37_1030,1.0,1992,1226,16.1,209,3.2
37_1030,0.97,1992,1226,16.1,209,3.2
37_1030,1.0,1992,1226,16.1,209,3.2
37_1030,1.01,1992,1226,16.1,209,3.2
37_1030,1.01,1992,1226,16.1,209,3.2
37_1030,1.07,1993,1107,16.4,219,3.2
37_1030,1.07,1993,1107,16.4,219,3.2
37_1030,1.07,1993,1107,16.4,219,3.2
37_1030,1.04,1993,1107,16.4,219,3.2
37_1030,1.06,1993,1107,16.4,219,3.2
37_1030,1.11,1994,1228,16.6,198,3.2
37_1030,1.12,1994,1228,16.6,198,3.2
37_1030,1.1,1994,1228,16.6,198,3.2
37_1030,1.1,1994,1228,16.6,198,3.2
37_1030,1.12,1994,1228,16.6,198,3.2
37_1030,1.16,1995,991,16.4,229,3.2
37_1030,1.16,1995,991,16.4,229,3.2
37_1030,1.13,1995,991,16.4,229,3.2
37_1030,1.16,1997,990,15.7,267,3.2
37_1030,1.21,1997,990,15.7,267,3.2
37_1030,1.19,1997,990,15.7,267,3.2
37_1030,1.2,1997,990,15.7,267,3.2
37_1030,1.18,1997,990,15.7,267,3.2
37_1030,1.16,1998,1296,16.9,278,3.2
37_1030,1.19,1998,1296,16.9,278,3.2
37_1030,1.16,1998,1296,16.9,278,3.2
37_1030,1.16,1998,1296,16.9,278,3.2
37_1030,1.15,1998,1296,16.9,278,3.2
37_1030,1.17,1999,1450,16.6,289,3.2
37_1030,1.16,1999,1450,16.6,289,3.2
37_1030,1.18,1999,1450,16.6,289,3.2
37_1030,1.15,1999,1450,16.6,289,3.2
37_1030,1.18,1999,1450,16.6,289,3.2
37_1030,1.15,2000,1290,15.6,295,3.2
37_1030,1.16,2000,1290,15.6,295,3.2
37_1030,1.12,2000,1290,15.6,295,3.2
37_1030,1.17,2000,1290,15.6,295,3.2
37_1030,1.14,2000,1290,15.6,295,3.2
40_1015,1.51,1990,1374,17.6,297,3.0
40_1015,1.52,1990,1374,17.6,297,3.0
40_1015,1.51,1990,1374,17.6,297,3.0
40_1015,1.51,1990,1374,17.6,297,3.0
40_1015,1.51,1990,1374,17.6,297,3.0
40_1015,1.6,1991,1250,17.1,297,3.0
40_1015,1.6,1991,1250,17.1,297,3.0
40_1015,1.58,1991,1250,17.1,297,3.0
40_1015,1.59,1991,1250,17.1,297,3.0
40_1015,1.56,1991,1250,17.1,297,3.0
40_1015,1.59,1993,1093,16.2,148,3.0
40_1015,1.57,1993,1093,16.2,148,3.0
40_1015,1.57,1993,1093,16.2,148,3.0
40_1015,1.6,1993,1093,16.2,148,3.0
40_1015,1.61,1993,1093,16.2,148,3.0
40_1015,1.45,1995,1059,16.8,198,3.0
40_1015,1.43,1995,1059,16.8,198,3.0
40_1015,1.42,1995,1059,16.8,198,3.0
40_1015,1.52,1995,1059,16.8,198,3.0
40_1015,1.43,1995,1059,16.8,198,3.0
40_1015,1.66,1998,1050,17.2,214,3.0
40_1015,1.75,1998,1050,17.2,214,3.0
40_1015,1.79,1998,1050,17.2,214,3.0
40_1015,1.69,1998,1050,17.2,214,3.0
40_1015,1.78,1998,1050,17.2,214,3.0
40_1017,1.38,1991,1172,16.7,1282,3.1
40_1017,1.34,1991,1172,16.7,1282,3.1
40_1017,1.35,1991,1172,16.7,1282,3.1
40_1017,1.49,1991,1172,16.7,1282,3.1
40_1017,1.5,1991,1172,16.7,1282,3.1
40_1017,1.49,1991,1172,16.7,1282,3.1
40_1017,1.49,1991,1172,16.7,1282,3.1
40_1017,1.39,1991,1172,16.7,1282,3.1
40_1017,1.52,1991,1172,16.7,1282,3.1
40_1017,1.57,1993,1338,15.6,1149,3.1
40_1017,1.6,1993,1338,15.6,1149,3.1
40_1017,1.57,1993,1338,15.6,1149,3.1
40_1017,1.55,1993,1338,15.6,1149,3.1
40_1017,1.56,1993,1338,15.6,1149,3.1
40_1017,1.59,1995,1118,16.2,297,3.1
40_1017,1.56,1995,1118,16.2,297,3.1
40_1017,1.55,1995,1118,16.2,297,3.1
40_1017,1.53,1995,1118,16.2,297,3.1
40_1017,1.55,1995,1118,16.2,297,3.1
40_4165,2.0,1990,630,15.4,350,2.8
40_4165,2.01,1990,630,15.4,350,2.8
40_4165,2.01,1990,630,15.4,350,2.8
40_4165,2.04,1990,630,15.4,350,2.8
40_4165,2.01,1990,630,15.4,350,2.8
40_4165,2.07,1991,714,15.4,350,2.8
40_4165,2.07,1991,714,15.4,350,2.8
40_4165,2.1,1991,714,15.4,350,2.8
40_4165,2.07,1991,714,15.4,350,2.8
40_4165,2.08,1991,714,15.4,350,2.8
40_4165,2.01,1993,902,13.8,224,2.8
40_4165,2.0,1993,902,13.8,224,2.8
40_4165,1.98,1993,902,13.8,224,2.8
40_4165,2.01,1993,902,13.8,224,2.8
40_4165,2.03,1993,902,13.8,224,2.8
40_4165,1.99,1994,809,15.3,224,2.8
40_4165,2.0,1994,809,15.3,224,2.8
40_4165,2.07,1994,809,15.3,224,2.8
40_4165,1.98,1994,809,15.3,224,2.8
40_4165,2.03,1994,809,15.3,224,2.8
40_4165,2.05,1994,809,15.3,224,2.8
40_4165,2.04,1994,809,15.3,224,2.8
40_4165,2.09,1994,809,15.3,224,2.8
40_4165,1.98,1994,809,15.3,224,2.8
40_4165,2.04,1994,809,15.3,224,2.8
40_4165,2.01,1994,809,15.3,224,2.8
40_4165,2.03,1994,809,15.3,224,2.8
40_4165,2.0,1994,809,15.3,224,2.8
40_4165,2.08,1994,809,15.3,224,2.8
40_4165,2.03,1994,809,15.3,224,2.8
40_4165,1.98,1995,928,14.7,224,2.8
40_4165,1.96,1995,928,14.7,224,2.8
40_4165,1.99,1995,928,14.7,224,2.8
40_4165,1.98,1995,928,14.7,224,2.8
40_4165,1.99,1995,928,14.7,224,2.8
40_4165,1.98,1995,928,14.7,224,2.8
40_4165,1.97,1995,928,14.7,224,2.8
40_4165,1.99,1995,928,14.7,224,2.8
40_4165,1.94,1995,928,14.7,224,2.8
40_4165,1.98,1995,928,14.7,224,2.8
40_4165,1.99,1995,928,14.7,224,2.8
40_4165,1.95,1995,928,14.7,224,2.8
40_4165,1.95,1995,928,14.7,224,2.8
40_4165,2.0,1995,928,14.7,224,2.8
40_4165,1.97,1995,928,14.7,224,2.8
40_4165,2.15,1997,1081,14.7,224,2.8
40_4165,1.93,1997,1081,14.7,224,2.8
40_4165,1.93,1997,1081,14.7,224,2.8
40_4165,1.93,1997,1081,14.7,224,2.8
40_4165,1.94,1997,1081,14.7,224,2.8
40_4165,2.14,1997,1081,14.7,224,2.8
40_4165,1.95,1997,1081,14.7,224,2.8
40_4165,1.97,1997,1081,14.7,224,2.8
40_4165,1.92,1997,1081,14.7,224,2.8
40_4165,2.13,1997,1081,14.7,224,2.8
40_4165,1.95,1997,1081,14.7,224,2.8
40_4165,2.11,1997,1081,14.7,224,2.8
40_4165,2.13,1997,1081,14.7,224,2.8
40_4165,2.13,1997,1081,14.7,224,2.8
40_4165,1.93,1997,1081,14.7,224,2.8
40_4165,2.14,1997,1081,14.7,224,2.8
40_4165,2.12,1997,1081,14.7,224,2.8
40_4165,2.14,1997,1081,14.7,224,2.8
40_4165,1.95,1997,1081,14.7,224,2.8
40_4165,2.07,1999,1024,15.5,287,2.8
40_4165,2.11,1999,1024,15.5,287,2.8
40_4165,2.1,1999,1024,15.5,287,2.8
40_4165,2.15,2002,902,14.6,321,2.8
40_4165,2.13,2002,902,14.6,321,2.8
40_4165,2.12,2002,902,14.6,321,2.8
40_4165,2.16,2002,902,14.6,321,2.8
40_4165,2.11,2002,902,14.6,321,2.8
40_4165,2.53,2003,593,14.8,327,2.8
40_4165,2.58,2003,593,14.8,327,2.8
40_4165,2.34,2003,593,14.8,327,2.8
40_4165,2.52,2003,593,14.8,327,2.8
40_4165,2.41,2003,593,14.8,327,2.8
40_4165,2.36,2003,593,14.8,327,2.8
40_4165,2.54,2003,593,14.8,327,2.8
40_4165,2.51,2003,593,14.8,327,2.8
40_4165,2.43,2003,593,14.8,327,2.8
40_4165,2.55,2003,593,14.8,327,2.8
40_4165,2.4,2003,593,14.8,327,2.8
40_4165,2.42,2003,593,14.8,327,2.8
40_4165,2.54,2003,593,14.8,327,2.8
40_4165,2.49,2003,593,14.8,327,2.8
40_4165,2.35,2003,593,14.8,327,2.8
40_4165,2.38,2003,593,14.8,327,2.8
40_4165,2.57,2003,593,14.8,327,2.8
40_4165,2.5,2003,593,14.8,327,2.8
40_4165,2.38,2003,593,14.8,327,2.8
40_4165,2.4,2003,593,14.8,327,2.8
40_4165,2.79,2005,701,15.2,367,2.8
40_4165,2.79,2005,701,15.2,367,2.8
40_4165,2.77,2005,701,15.2,367,2.8
40_4165,2.78,2005,701,15.2,367,2.8
45_1008,1.41,1990,1645,16.3,62,2.4
45_1008,1.43,1990,1645,16.3,62,2.4
45_1008,1.41,1990,1645,16.3,62,2.4
45_1008,1.44,1990,1645,16.3,62,2.4
45_1008,1.39,1990,1645,16.3,62,2.4
45_1008,1.63,1992,2012,15.0,81,2.4
45_1008,1.61,1992,2012,15.0,81,2.4
45_1008,1.66,1992,2012,15.0,81,2.4
45_1008,1.63,1992,2012,15.0,81,2.4
45_1008,1.63,1992,2012,15.0,81,2.4
45_1024,1.37,1990,1060,19.4,6,1.1
45_1024,1.38,1990,1060,19.4,6,1.1
45_1024,1.39,1990,1060,19.4,6,1.1
45_1024,1.38,1990,1060,19.4,6,1.1
45_1024,1.39,1990,1060,19.4,6,1.1
45_1024,1.39,1992,1269,17.5,4,1.1
45_1024,1.5,1992,1269,17.5,4,1.1
45_1024,1.52,1992,1269,17.5,4,1.1
45_1024,1.39,1992,1269,17.5,4,1.1
45_1024,1.5,1992,1269,17.5,4,1.1
45_1024,1.5,1992,1269,17.5,4,1.1
45_1024,1.37,1992,1269,17.5,4,1.1
45_1024,1.39,1992,1269,17.5,4,1.1
45_1024,1.38,1992,1269,17.5,4,1.1
45_1024,1.35,1992,1269,17.5,4,1.1
45_1024,1.38,1992,1269,17.5,4,1.1
45_1024,1.52,1992,1269,17.5,4,1.1
45_1024,1.36,1992,1269,17.5,4,1.1
45_1024,1.38,1993,1055,17.9,11,1.1
45_1024,1.39,1993,1055,17.9,11,1.1
45_1024,1.37,1993,1055,17.9,11,1.1
45_1024,1.38,1993,1055,17.9,11,1.1
45_1024,1.38,1993,1055,17.9,11,1.1
45_1024,1.42,1994,1319,18.0,9,1.1
45_1024,1.43,1994,1319,18.0,9,1.1
45_1024,1.43,1994,1319,18.0,9,1.1
45_1024,1.41,1994,1319,18.0,9,1.1
45_1024,1.43,1994,1319,18.0,9,1.1
45_1024,1.45,1996,939,17.4,10,1.1
45_1024,1.45,1996,939,17.4,10,1.1
45_1024,1.47,1996,939,17.4,10,1.1
45_1024,1.47,1996,939,17.4,10,1.1
45_1024,1.46,1996,939,17.4,10,1.1
45_1024,1.38,1999,825,18.1,12,1.1
45_1024,1.39,1999,825,18.1,12,1.1
45_1024,1.37,1999,825,18.1,12,1.1
45_1024,1.4,1999,825,18.1,12,1.1
45_1024,1.42,1999,825,18.1,12,1.1
45_1024,1.4,2001,750,18.3,13,1.1
45_1024,1.46,2001,750,18.3,13,1.1
45_1024,1.54,2001,750,18.3,13,1.1
45_1024,1.63,2001,750,18.3,13,1.1
45_1024,1.46,2001,750,18.3,13,1.1
45_1024,1.34,2002,1175,18.4,13,1.1
45_1024,1.42,2002,1175,18.4,13,1.1
45_1024,1.63,2002,1175,18.4,13,1.1
45_1024,1.42,2002,1175,18.4,13,1.1
45_1024,1.45,2002,1175,18.4,13,1.1
45_1024,1.59,2008,1177,17.9,16,1.1
45_1024,1.53,2008,1177,17.9,16,1.1
45_1024,1.64,2008,1177,17.9,16,1.1
45_1024,1.62,2008,1177,17.9,16,1.1
45_1024,1.7,2008,1177,17.9,16,1.1
45_1024,1.51,2011,1111,18.6,16,1.1
45_1024,1.4,2011,1111,18.6,16,1.1
45_1024,1.49,2011,1111,18.6,16,1.1
45_1024,1.44,2011,1111,18.6,16,1.1
45_1024,1.42,2011,1111,18.6,16,1.1
45_1024,1.46,2014,1147,17.8,18,1.1
45_1024,1.43,2014,1147,17.8,18,1.1
45_1024,1.47,2014,1147,17.8,18,1.1
45_1024,1.47,2014,1147,17.8,18,1.1
45_1024,1.43,2014,1147,17.8,18,1.1
45_1024,1.58,2017,1232,19.4,19,1.1
45_1024,1.61,2017,1232,19.4,19,1.1
45_1024,1.62,2017,1232,19.4,19,1.1
45_1024,1.64,2017,1232,19.4,19,1.1
45_1024,1.64,2017,1232,19.4,19,1.1
47_3075,1.86,1990,1484,14.8,140,2.6
47_3075,1.85,1990,1484,14.8,140,2.6
47_3075,1.84,1990,1484,14.8,140,2.6
47_3075,1.85,1990,1484,14.8,140,2.6
47_3075,1.85,1990,1484,14.8,140,2.6
47_3075,1.85,1991,1480,14.7,153,2.6
47_3075,1.86,1991,1480,14.7,153,2.6
47_3075,1.85,1991,1480,14.7,153,2.6
47_3075,1.86,1991,1480,14.7,153,2.6
47_3075,1.88,1991,1480,14.7,153,2.6
47_3075,1.75,1992,1380,13.4,76,2.6
47_3075,1.8,1992,1380,13.4,76,2.6
47_3075,1.8,1992,1380,13.4,76,2.6
47_3075,1.8,1992,1380,13.4,76,2.6
47_3075,1.8,1992,1380,13.4,76,2.6
47_3075,2.07,1994,1683,13.6,136,2.6
47_3075,2.04,1994,1683,13.6,136,2.6
47_3075,2.04,1994,1683,13.6,136,2.6
47_3075,2.07,1994,1683,13.6,136,2.6
47_3075,2.05,1994,1683,13.6,136,2.6
47_3075,1.88,1996,1418,13.2,159,2.6
47_3075,1.87,1996,1418,13.2,159,2.6
47_3075,1.86,1996,1418,13.2,159,2.6
47_3075,1.86,1996,1418,13.2,159,2.6
47_3075,1.87,1996,1418,13.2,159,2.6
47_3075,1.88,1999,1223,15.4,154,2.6
47_3075,1.87,1999,1223,15.4,154,2.6
47_3075,1.86,1999,1223,15.4,154,2.6
47_3075,1.87,1999,1223,15.4,154,2.6
47_3075,1.87,1999,1223,15.4,154,2.6
47_3075,1.86,2002,1558,15.3,132,2.6
47_3075,1.85,2002,1558,15.3,132,2.6
47_3075,1.91,2002,1558,15.3,132,2.6
47_3075,1.88,2002,1558,15.3,132,2.6
47_3075,1.84,2002,1558,15.3,132,2.6
48_1049,1.12,1990,1302,19.4,901,6.3
48_1049,1.12,1990,1302,19.4,901,6.3
48_1049,1.12,1990,1302,19.4,901,6.3
48_1049,1.11,1990,1302,19.4,901,6.3
48_1049,1.07,1990,1302,19.4,901,6.3
48_1049,1.3,1992,1313,18.1,1052,6.3
48_1049,1.25,1992,1313,18.1,1052,6.3
48_1049,1.27,1992,1313,18.1,1052,6.3
48_1049,1.26,1992,1313,18.1,1052,6.3
48_1049,1.26,1992,1313,18.1,1052,6.3
48_1049,1.35,1993,1191,18.3,1322,6.3
48_1049,1.29,1993,1191,18.3,1322,6.3
48_1049,1.47,1993,1191,18.3,1322,6.3
48_1049,1.33,1993,1191,18.3,1322,6.3
48_1049,1.32,1993,1191,18.3,1322,6.3
48_1049,1.42,1995,1174,19.1,1338,6.3
48_1049,1.43,1995,1174,19.1,1338,6.3
48_1049,1.44,1995,1174,19.1,1338,6.3
48_1049,1.6,1995,1174,19.1,1338,6.3
48_1049,1.33,1995,1174,19.1,1338,6.3
48_1049,2.58,1996,1056,19.7,1376,6.3
48_1049,2.6,1996,1056,19.7,1376,6.3
48_1049,2.65,1996,1056,19.7,1376,6.3
48_1049,2.66,1996,1056,19.7,1376,6.3
48_1049,2.64,1996,1056,19.7,1376,6.3
48_1060,1.24,1990,940,22.3,592,5.2
48_1060,1.25,1990,940,22.3,592,5.2
48_1060,1.25,1990,940,22.3,592,5.2
48_1060,1.24,1990,940,22.3,592,5.2
48_1060,1.27,1991,1306,21.9,673,5.2
48_1060,1.26,1991,1306,21.9,673,5.2
48_1060,1.28,1991,1306,21.9,673,5.2
48_1060,1.26,1991,1306,21.9,673,5.2
48_1060,1.26,1991,1306,21.9,673,5.2
48_1060,1.37,1993,1224,21.5,684,5.2
48_1060,1.37,1993,1224,21.5,684,5.2
48_1060,1.33,1993,1224,21.5,684,5.2
48_1060,1.35,1993,1224,21.5,684,5.2
48_1060,1.31,1993,1224,21.5,684,5.2
48_1060,1.32,1993,1224,21.5,684,5.2
48_1060,1.29,1993,1224,21.5,684,5.2
48_1060,1.36,1993,1224,21.5,684,5.2
48_1060,1.35,1993,1224,21.5,684,5.2
48_1060,1.37,1993,1224,21.5,684,5.2
48_1060,1.39,1994,1063,22.2,744,5.2
48_1060,1.4,1994,1063,22.2,744,5.2
48_1060,1.38,1994,1063,22.2,744,5.2
48_1060,1.41,1994,1063,22.2,744,5.2
48_1060,1.36,1994,1063,22.2,744,5.2
48_1060,1.36,1994,1063,22.2,744,5.2
48_1060,1.35,1994,1063,22.2,744,5.2
48_1060,1.35,1994,1063,22.2,744,5.2
48_1060,1.38,1994,1063,22.2,744,5.2
48_1060,1.36,1994,1063,22.2,744,5.2
48_1060,1.34,1994,1063,22.2,744,5.2
48_1060,1.35,1994,1063,22.2,744,5.2
48_1060,1.37,1994,1063,22.2,744,5.2
48_1060,1.4,1994,1063,22.2,744,5.2
48_1060,1.44,1995,886,22.1,761,5.2
48_1060,1.45,1995,886,22.1,761,5.2
48_1060,1.42,1995,886,22.1,761,5.2
48_1060,1.44,1995,886,22.1,761,5.2
48_1060,1.42,1995,886,22.1,761,5.2
48_1060,1.42,1995,886,22.1,761,5.2
48_1060,1.43,1995,886,22.1,761,5.2
48_1060,1.42,1995,886,22.1,761,5.2
48_1060,1.4,1995,886,22.1,761,5.2
48_1060,1.45,1995,886,22.1,761,5.2
48_1060,1.43,1995,886,22.1,761,5.2
48_1060,1.44,1995,886,22.1,761,5.2
48_1060,1.72,1997,1466,21.3,1066,5.2
48_1060,1.67,1997,1466,21.3,1066,5.2
48_1060,1.58,1997,1466,21.3,1066,5.2
48_1060,1.75,1997,1466,21.3,1066,5.2
48_1060,1.73,1997,1466,21.3,1066,5.2
48_1060,1.55,1997,1466,21.3,1066,5.2
48_1060,1.68,1997,1466,21.3,1066,5.2
48_1060,1.67,1997,1466,21.3,1066,5.2
48_1060,1.76,1997,1466,21.3,1066,5.2
48_1060,1.59,1997,1466,21.3,1066,5.2
48_1060,1.58,1997,1466,21.3,1066,5.2
48_1060,1.69,1997,1466,21.3,1066,5.2
48_1060,1.64,1997,1466,21.3,1066,5.2
48_1060,1.71,1997,1466,21.3,1066,5.2
48_1060,1.7,1997,1466,21.3,1066,5.2
48_1060,1.71,1997,1466,21.3,1066,5.2
48_1060,1.69,1997,1466,21.3,1066,5.2
48_1060,1.75,1997,1466,21.3,1066,5.2
48_1060,1.72,1997,1466,21.3,1066,5.2
48_1060,1.55,1997,1466,21.3,1066,5.2
48_1060,1.73,1999,634,22.2,1178,5.2
48_1060,1.73,1999,634,22.2,1178,5.2
48_1060,1.72,1999,634,22.2,1178,5.2
48_1060,1.72,1999,634,22.2,1178,5.2
48_3559,0.9,1990,1139,20.7,126,3.0
48_3559,0.88,1990,1139,20.7,126,3.0
48_3559,0.89,1990,1139,20.7,126,3.0
48_3559,0.85,1990,1139,20.7,126,3.0
48_3559,0.86,1990,1139,20.7,126,3.0
48_3559,0.88,1991,1612,19.9,116,3.0
48_3559,0.87,1991,1612,19.9,116,3.0
48_3559,0.87,1991,1612,19.9,116,3.0
48_3559,0.87,1991,1612,19.9,116,3.0
48_3559,0.86,1991,1612,19.9,116,3.0
48_3559,0.85,1992,1333,19.7,154,3.0
48_3559,0.85,1992,1333,19.7,154,3.0
48_3559,0.83,1992,1333,19.7,154,3.0
48_3559,0.86,1992,1333,19.7,154,3.0
48_3559,1.09,1994,1530,19.9,209,3.0
48_3559,1.08,1994,1530,19.9,209,3.0
48_3559,0.89,1997,1361,19.1,216,3.0
48_3559,0.92,1997,1361,19.1,216,3.0
48_3559,0.92,1997,1361,19.1,216,3.0
48_3559,0.91,1997,1361,19.1,216,3.0
48_3559,0.92,1997,1361,19.1,216,3.0
48_3559,0.92,1998,1400,20.8,220,3.0
48_3559,0.92,1998,1400,20.8,220,3.0
48_3559,0.89,1998,1400,20.8,220,3.0
48_3559,0.91,1998,1400,20.8,220,3.0
48_3609,2.33,1990,612,16.5,110,2.5
48_3609,2.3,1990,612,16.5,110,2.5
48_3609,2.34,1990,612,16.5,110,2.5
48_3609,2.32,1990,612,16.5,110,2.5
48_3609,2.32,1990,612,16.5,110,2.5
48_3609,2.36,1991,886,16.0,92,2.5
48_3609,2.35,1991,886,16.0,92,2.5
48_3609,2.31,1991,886,16.0,92,2.5
48_3609,2.34,1991,886,16.0,92,2.5
48_3609,2.31,1991,886,16.0,92,2.5
50_1002,1.23,1989,1063,5.9,290,5.3
50_1002,1.22,1989,1063,5.9,290,5.3
50_1002,1.2,1989,1063,5.9,290,5.3
50_1002,1.22,1989,1063,5.9,290,5.3
50_1002,1.28,1989,1063,5.9,290,5.3
50_1002,1.21,1990,1285,7.8,220,5.3
50_1002,1.21,1990,1285,7.8,220,5.3
50_1002,1.25,1990,1285,7.8,220,5.3
50_1002,1.22,1990,1285,7.8,220,5.3
50_1002,1.23,1990,1285,7.8,220,5.3
50_1002,1.08,1991,867,7.4,225,5.3
50_1002,1.07,1991,867,7.4,225,5.3
50_1002,1.07,1991,867,7.4,225,5.3
50_1002,1.08,1991,867,7.4,225,5.3
50_1002,1.08,1991,867,7.4,225,5.3
50_1002,1.12,1992,872,5.8,240,5.3
50_1002,1.11,1992,872,5.8,240,5.3
50_1002,1.11,1992,872,5.8,240,5.3
50_1002,1.12,1992,872,5.8,240,5.3
50_1002,1.12,1992,872,5.8,240,5.3
50_1002,1.41,1994,952,6.1,224,5.3
50_1002,1.22,1994,952,6.1,224,5.3
50_1002,1.39,1994,952,6.1,224,5.3
50_1002,1.16,1994,952,6.1,224,5.3
50_1002,1.15,1994,952,6.1,224,5.3
50_1002,1.3,1994,952,6.1,224,5.3
50_1002,1.15,1994,952,6.1,224,5.3
50_1002,1.32,1994,952,6.1,224,5.3
50_1002,1.39,1994,952,6.1,224,5.3
50_1002,1.14,1994,952,6.1,224,5.3
50_1002,1.39,1994,952,6.1,224,5.3
50_1002,1.3,1994,952,6.1,224,5.3
50_1002,1.2,1994,952,6.1,224,5.3
50_1002,1.19,1994,952,6.1,224,5.3
50_1002,1.2,1994,952,6.1,224,5.3
50_1002,1.41,1994,952,6.1,224,5.3
50_1002,1.16,1994,952,6.1,224,5.3
50_1002,1.18,1994,952,6.1,224,5.3
50_1002,1.29,1994,952,6.1,224,5.3
50_1002,1.33,1994,952,6.1,224,5.3
50_1002,1.46,1995,1023,7.0,224,5.3
50_1002,1.16,1995,1023,7.0,224,5.3
50_1002,1.21,1995,1023,7.0,224,5.3
50_1002,1.25,1995,1023,7.0,224,5.3
50_1002,1.48,1995,1023,7.0,224,5.3
50_1002,1.24,1995,1023,7.0,224,5.3
50_1002,1.18,1995,1023,7.0,224,5.3
50_1002,1.22,1995,1023,7.0,224,5.3
50_1002,1.47,1995,1023,7.0,224,5.3
50_1002,1.19,1995,1023,7.0,224,5.3
50_1002,1.2,1995,1023,7.0,224,5.3
50_1002,1.26,1995,1023,7.0,224,5.3
50_1002,1.44,1995,1023,7.0,224,5.3
50_1002,1.19,1995,1023,7.0,224,5.3
50_1002,1.23,1995,1023,7.0,224,5.3
50_1002,1.25,1995,1023,7.0,224,5.3
50_1002,1.44,1995,1023,7.0,224,5.3
50_1002,1.15,1995,1023,7.0,224,5.3
50_1002,1.23,1996,1082,7.4,248,5.3
50_1002,1.23,1996,1082,7.4,248,5.3
50_1002,1.23,1996,1082,7.4,248,5.3
50_1002,1.24,1996,1082,7.4,248,5.3
50_1002,1.24,1996,1082,7.4,248,5.3
50_1002,1.18,1997,975,5.7,262,5.3
50_1002,1.24,1997,975,5.7,262,5.3
50_1002,1.52,1997,975,5.7,262,5.3
50_1002,1.28,1997,975,5.7,262,5.3
50_1002,1.51,1997,975,5.7,262,5.3
50_1002,1.26,1997,975,5.7,262,5.3
50_1002,1.18,1997,975,5.7,262,5.3
50_1002,1.27,1997,975,5.7,262,5.3
50_1002,1.56,1997,975,5.7,262,5.3
50_1002,1.28,1997,975,5.7,262,5.3
50_1002,1.25,1997,975,5.7,262,5.3
50_1002,1.18,1997,975,5.7,262,5.3
50_1002,1.29,1997,975,5.7,262,5.3
50_1002,1.3,1997,975,5.7,262,5.3
50_1002,1.25,1997,975,5.7,262,5.3
50_1002,1.27,1997,975,5.7,262,5.3
50_1002,1.14,1997,975,5.7,262,5.3
50_1002,1.22,1997,975,5.7,262,5.3
50_1002,1.28,1997,975,5.7,262,5.3
50_1002,1.54,1997,975,5.7,262,5.3
50_1002,1.25,1997,975,5.7,262,5.3
50_1002,1.5,1997,975,5.7,262,5.3
50_1002,1.25,1997,975,5.7,262,5.3
50_1002,1.29,1997,975,5.7,262,5.3
50_1002,1.35,1998,1362,7.8,257,5.3
50_1002,1.26,1998,1362,7.8,257,5.3
50_1002,1.31,1998,1362,7.8,257,5.3
50_1002,1.3,1998,1362,7.8,257,5.3
50_1002,1.25,1998,1362,7.8,257,5.3
50_1002,1.44,1999,954,7.8,380,5.3
50_1002,1.4,1999,954,7.8,380,5.3
50_1002,1.39,1999,954,7.8,380,5.3
50_1002,1.43,1999,954,7.8,380,5.3
50_1002,1.42,1999,954,7.8,380,5.3
50_1002,1.31,1999,954,7.8,380,5.3
50_1002,1.3,1999,954,7.8,380,5.3
50_1002,1.27,1999,954,7.8,380,5.3
50_1002,1.34,1999,954,7.8,380,5.3
50_1002,1.3,1999,954,7.8,380,5.3
50_1002,1.73,2000,1172,6.3,392,5.3
50_1002,1.26,2000,1172,6.3,392,5.3
50_1002,1.35,2000,1172,6.3,392,5.3
50_1002,1.34,2000,1172,6.3,392,5.3
50_1002,1.75,2000,1172,6.3,392,5.3
50_1002,1.4,2000,1172,6.3,392,5.3
50_1002,1.32,2000,1172,6.3,392,5.3
50_1002,1.36,2000,1172,6.3,392,5.3
50_1002,1.34,2000,1172,6.3,392,5.3
50_1002,1.75,2000,1172,6.3,392,5.3
50_1002,1.32,2000,1172,6.3,392,5.3
50_1002,1.79,2000,1172,6.3,392,5.3
50_1002,1.33,2000,1172,6.3,392,5.3
50_1002,1.73,2000,1172,6.3,392,5.3
50_1002,1.46,2001,767,7.5,325,5.3
50_1002,1.43,2001,767,7.5,325,5.3
50_1002,1.4,2001,767,7.5,325,5.3
50_1002,1.41,2001,767,7.5,325,5.3
50_1002,1.61,2001,767,7.5,325,5.3
50_1002,1.42,2001,767,7.5,325,5.3
50_1002,1.4,2001,767,7.5,325,5.3
50_1002,1.74,2001,767,7.5,325,5.3
50_1002,1.37,2001,767,7.5,325,5.3
50_1002,1.43,2001,767,7.5,325,5.3
50_1002,1.32,2001,767,7.5,325,5.3
50_1002,1.67,2001,767,7.5,325,5.3
50_1002,1.44,2001,767,7.5,325,5.3
50_1002,1.59,2001,767,7.5,325,5.3
50_1002,1.35,2001,767,7.5,325,5.3
50_1002,1.43,2001,767,7.5,325,5.3
50_1002,1.36,2001,767,7.5,325,5.3
50_1002,1.39,2001,767,7.5,325,5.3
50_1002,1.48,2001,767,7.5,325,5.3
50_1002,1.42,2001,767,7.5,325,5.3
50_1002,1.44,2001,767,7.5,325,5.3
50_1002,1.47,2001,767,7.5,325,5.3
50_1002,1.44,2001,767,7.5,325,5.3
50_1002,1.36,2001,767,7.5,325,5.3
50_1002,1.63,2001,767,7.5,325,5.3
50_1002,1.45,2001,767,7.5,325,5.3
50_1002,1.34,2001,767,7.5,325,5.3
50_1002,1.48,2002,1015,7.1,292,5.3
50_1002,1.43,2002,1015,7.1,292,5.3
50_1002,1.44,2002,1015,7.1,292,5.3
50_1002,1.47,2002,1015,7.1,292,5.3
50_1002,1.48,2002,1015,7.1,292,5.3
50_1002,1.42,2002,1015,7.1,292,5.3
50_1002,1.46,2002,1015,7.1,292,5.3
50_1002,1.49,2002,1015,7.1,292,5.3
50_1002,1.49,2002,1015,7.1,292,5.3
50_1002,1.47,2002,1015,7.1,292,5.3
50_1002,1.45,2002,1015,7.1,292,5.3
50_1002,1.59,2002,1015,7.1,292,5.3
50_1002,1.42,2002,1015,7.1,292,5.3
50_1002,1.48,2002,1015,7.1,292,5.3
50_1002,1.51,2002,1015,7.1,292,5.3
50_1002,1.47,2002,1015,7.1,292,5.3
50_1002,1.53,2002,1015,7.1,292,5.3
50_1002,1.53,2002,1015,7.1,292,5.3
50_1002,1.43,2002,1015,7.1,292,5.3
50_1002,1.52,2002,1015,7.1,292,5.3
50_1002,1.5,2002,1015,7.1,292,5.3
50_1002,1.52,2003,1249,6.0,302,5.3
50_1002,1.47,2003,1249,6.0,302,5.3
50_1002,1.43,2003,1249,6.0,302,5.3
50_1002,1.51,2003,1249,6.0,302,5.3
50_1002,1.53,2003,1249,6.0,302,5.3
50_1002,1.45,2003,1249,6.0,302,5.3
50_1002,1.44,2003,1249,6.0,302,5.3
50_1002,1.51,2003,1249,6.0,302,5.3
50_1002,1.54,2003,1249,6.0,302,5.3
50_1002,1.54,2003,1249,6.0,302,5.3
50_1002,1.45,2003,1249,6.0,302,5.3
50_1002,1.43,2003,1249,6.0,302,5.3
50_1002,1.42,2003,1249,6.0,302,5.3
50_1002,1.46,2003,1249,6.0,302,5.3
50_1002,1.42,2003,1249,6.0,302,5.3
50_1002,1.49,2003,1249,6.0,302,5.3
50_1002,1.42,2003,1249,6.0,302,5.3
50_1002,1.5,2003,1249,6.0,302,5.3
50_1002,1.42,2003,1249,6.0,302,5.3
50_1002,1.5,2003,1249,6.0,302,5.3
50_1002,1.52,2004,1003,6.2,282,5.3
50_1002,1.49,2004,1003,6.2,282,5.3
50_1002,1.51,2004,1003,6.2,282,5.3
50_1002,1.52,2004,1003,6.2,282,5.3
50_1002,1.46,2004,1003,6.2,282,5.3
53_1501,0.88,1989,205,9.5,41,2.8
53_1501,0.9,1989,205,9.5,41,2.8
53_1501,0.88,1989,205,9.5,41,2.8
53_1501,0.89,1989,205,9.5,41,2.8
53_1501,0.88,1989,205,9.5,41,2.8
53_1501,1.01,1990,269,10.1,42,2.8
53_1501,1.0,1990,269,10.1,42,2.8
53_1501,0.99,1990,269,10.1,42,2.8
53_1501,0.99,1990,269,10.1,42,2.8
53_1501,0.98,1990,269,10.1,42,2.8
53_1501,1.04,1990,269,10.1,42,2.8
53_1501,1.01,1990,269,10.1,42,2.8
53_1501,1.02,1990,269,10.1,42,2.8
53_1501,0.99,1990,269,10.1,42,2.8
53_1501,1.08,1991,243,9.8,77,2.8
53_1501,1.08,1991,243,9.8,77,2.8
53_1501,1.09,1991,243,9.8,77,2.8
53_1501,1.1,1991,243,9.8,77,2.8
53_1501,1.05,1991,243,9.8,77,2.8
53_1501,1.13,1992,292,10.5,53,2.8
53_1501,1.16,1992,292,10.5,53,2.8
53_1501,1.15,1992,292,10.5,53,2.8
53_1501,1.13,1992,292,10.5,53,2.8
53_1501,1.15,1992,292,10.5,53,2.8
53_1501,1.23,1993,233,8.6,55,2.8
53_1501,1.28,1993,233,8.6,55,2.8
53_1501,1.26,1993,233,8.6,55,2.8
53_1501,1.27,1993,233,8.6,55,2.8
53_1501,1.28,1993,233,8.6,55,2.8
53_1501,1.16,1994,247,11.0,54,2.8
53_1501,1.16,1994,247,11.0,54,2.8
53_1501,1.14,1994,247,11.0,54,2.8
53_1501,1.12,1994,247,11.0,54,2.8
53_1501,1.12,1994,247,11.0,54,2.8
53_1501,1.26,1995,369,9.9,14,2.8
53_1501,1.28,1995,369,9.9,14,2.8
53_1501,1.26,1995,369,9.9,14,2.8
53_1501,1.28,1995,369,9.9,14,2.8
53_1501,1.26,1995,369,9.9,14,2.8
53_1501,1.33,1996,358,8.4,41,2.8
53_1501,1.34,1996,358,8.4,41,2.8
53_1501,1.32,1996,358,8.4,41,2.8
53_1501,1.32,1996,358,8.4,41,2.8
53_1501,1.34,1996,358,8.4,41,2.8
53_1501,1.46,1997,288,8.9,56,2.8
53_1501,1.46,1997,288,8.9,56,2.8
53_1501,1.47,1997,288,8.9,56,2.8
53_1501,1.47,1997,288,8.9,56,2.8
53_1501,1.48,1997,288,8.9,56,2.8
53_1501,1.48,1998,396,10.5,57,2.8
53_1501,1.5,1998,396,10.5,57,2.8
53_1501,1.5,1998,396,10.5,57,2.8
53_1501,1.49,1998,396,10.5,57,2.8
53_1501,1.48,1998,396,10.5,57,2.8
53_1501,1.56,1999,228,9.8,46,2.8
53_1501,1.55,1999,228,9.8,46,2.8
53_1501,1.56,1999,228,9.8,46,2.8
53_1501,1.56,1999,228,9.8,46,2.8
53_1501,1.67,2000,205,8.7,53,2.8
53_1501,1.68,2000,205,8.7,53,2.8
53_1501,1.71,2000,205,8.7,53,2.8
53_1501,1.7,2000,205,8.7,53,2.8
53_1501,1.7,2000,205,8.7,53,2.8
56_2018,0.87,1989,309,7.2,198,6.3
56_2018,0.93,1989,309,7.2,198,6.3
56_2018,0.96,1989,309,7.2,198,6.3
56_2018,0.89,1989,309,7.2,198,6.3
56_2018,0.9,1989,309,7.2,198,6.3
56_2018,0.91,1990,284,7.6,182,6.3
56_2018,0.91,1990,284,7.6,182,6.3
56_2018,0.91,1990,284,7.6,182,6.3
56_2018,0.89,1990,284,7.6,182,6.3
56_2018,0.91,1990,284,7.6,182,6.3
56_2018,1.01,1991,332,7.5,183,6.3
56_2018,1.01,1991,332,7.5,183,6.3
56_2018,1.01,1991,332,7.5,183,6.3
56_2018,1.0,1991,332,7.5,183,6.3
56_2018,1.04,1992,292,8.1,183,6.3
56_2018,1.03,1992,292,8.1,183,6.3
56_2018,1.06,1992,292,8.1,183,6.3
56_2018,1.06,1992,292,8.1,183,6.3
56_2018,1.05,1992,292,8.1,183,6.3
56_2018,1.05,1993,450,5.9,167,6.3
56_2018,1.04,1993,450,5.9,167,6.3
56_2018,1.05,1993,450,5.9,167,6.3
56_2018,1.05,1993,450,5.9,167,6.3
56_2018,1.05,1993,450,5.9,167,6.3
5_3048,1.65,1990,1527,17.4,77,4.2
5_3048,1.62,1990,1527,17.4,77,4.2
5_3048,1.68,1990,1527,17.4,77,4.2
5_3048,1.63,1990,1527,17.4,77,4.2
5_3048,1.66,1991,1853,17.0,81,4.2
5_3048,1.67,1991,1853,17.0,81,4.2
5_3048,1.66,1991,1853,17.0,81,4.2
5_3048,1.67,1991,1853,17.0,81,4.2
5_3048,1.64,1991,1853,17.0,81,4.2
5_3048,1.69,1993,1305,16.1,87,4.2
5_3048,1.69,1993,1305,16.1,87,4.2
5_3048,1.71,1993,1305,16.1,87,4.2
5_3048,1.68,1993,1305,16.1,87,4.2
5_3048,1.67,1993,1305,16.1,87,4.2
5_3048,1.7,1994,1465,16.6,92,4.2
5_3048,1.67,1994,1465,16.6,92,4.2
5_3048,1.66,1994,1465,16.6,92,4.2
5_3048,1.68,1994,1465,16.6,92,4.2
5_3048,1.66,1994,1465,16.6,92,4.2
5_3048,2.12,1998,1167,18.2,54,4.2
5_3048,1.88,1998,1167,18.2,54,4.2
5_3048,2.02,1998,1167,18.2,54,4.2
5_3048,2.0,1998,1167,18.2,54,4.2
5_3048,2.85,2001,1652,16.9,193,4.2
5_3048,2.88,2001,1652,16.9,193,4.2
5_3048,2.88,2001,1652,16.9,193,4.2
5_3048,2.87,2001,1652,16.9,193,4.2
5_3048,2.86,2001,1652,16.9,193,4.2
5_3048,3.57,2003,1547,16.6,153,4.2
5_3048,3.54,2003,1547,16.6,153,4.2
5_3048,3.55,2003,1547,16.6,153,4.2
5_3048,3.56,2003,1547,16.6,153,4.2
5_3048,3.5,2003,1547,16.6,153,4.2
5_3048,3.92,2004,1679,16.9,124,4.2
5_3048,3.69,2004,1679,16.9,124,4.2
5_3048,3.93,2004,1679,16.9,124,4.2
5_3048,3.74,2004,1679,16.9,124,4.2
5_3048,3.51,2004,1679,16.9,124,4.2
6_1253,1.74,1989,810,15.8,210,5.0
6_1253,1.74,1989,810,15.8,210,5.0
6_1253,1.73,1989,810,15.8,210,5.0
6_1253,1.72,1989,810,15.8,210,5.0
6_1253,1.79,1990,725,16.1,210,5.0
6_1253,1.71,1990,725,16.1,210,5.0
6_1253,1.75,1990,725,16.1,210,5.0
6_1253,1.73,1990,725,16.1,210,5.0
6_1253,1.74,1990,725,16.1,210,5.0
6_1253,1.69,1991,934,16.2,104,5.0
6_1253,1.75,1991,934,16.2,104,5.0
6_1253,1.76,1991,934,16.2,104,5.0
6_1253,1.71,1991,934,16.2,104,5.0
6_1253,1.68,1991,934,16.2,104,5.0
6_1253,1.74,1991,934,16.2,104,5.0
6_1253,1.72,1991,934,16.2,104,5.0
6_1253,1.73,1991,934,16.2,104,5.0
6_1253,1.74,1991,934,16.2,104,5.0
6_1253,1.7,1991,934,16.2,104,5.0
6_1253,1.66,1992,977,17.0,51,5.0
6_1253,1.76,1992,977,17.0,51,5.0
6_1253,1.78,1992,977,17.0,51,5.0
6_1253,1.76,1992,977,17.0,51,5.0
6_1253,1.75,1992,977,17.0,51,5.0
6_1253,1.77,1992,977,17.0,51,5.0
6_1253,1.78,1992,977,17.0,51,5.0
6_1253,1.76,1992,977,17.0,51,5.0
6_1253,1.76,1992,977,17.0,51,5.0
6_1253,1.77,1993,1484,15.9,151,5.0
6_1253,1.79,1993,1484,15.9,151,5.0
6_1253,1.8,1993,1484,15.9,151,5.0
6_1253,1.8,1993,1484,15.9,151,5.0
6_1253,1.75,1993,1484,15.9,151,5.0
6_1253,1.78,1993,1484,15.9,151,5.0
6_1253,1.75,1993,1484,15.9,151,5.0
6_1253,1.75,1993,1484,15.9,151,5.0
6_1253,1.77,1993,1484,15.9,151,5.0
6_1253,1.79,1993,1484,15.9,151,5.0
6_1253,1.86,1994,894,15.9,160,5.0
6_1253,1.85,1994,894,15.9,160,5.0
6_1253,1.84,1994,894,15.9,160,5.0
6_1253,1.82,1994,894,15.9,160,5.0
6_1253,1.79,1994,894,15.9,160,5.0
6_1253,1.89,1994,894,15.9,160,5.0
6_1253,1.84,1994,894,15.9,160,5.0
6_1253,1.84,1994,894,15.9,160,5.0
6_1253,2.19,1998,1794,15.4,201,5.0
6_1253,2.09,1998,1794,15.4,201,5.0
6_1253,2.05,1998,1794,15.4,201,5.0
6_1253,2.04,1998,1794,15.4,201,5.0
6_1253,2.14,1998,1794,15.4,201,5.0
6_1253,2.22,1999,801,15.8,212,5.0
6_1253,2.15,1999,801,15.8,212,5.0
6_1253,2.3,1999,801,15.8,212,5.0
6_1253,2.16,1999,801,15.8,212,5.0
6_1253,2.14,1999,801,15.8,212,5.0
6_1253,2.25,2001,1298,16.8,238,5.0
6_1253,2.22,2001,1298,16.8,238,5.0
6_1253,2.21,2001,1298,16.8,238,5.0
6_1253,2.22,2001,1298,16.8,238,5.0
6_1253,2.19,2001,1298,16.8,238,5.0
6_1253,2.05,2003,1359,16.6,266,5.0
6_1253,2.01,2003,1359,16.6,266,5.0
6_1253,2.03,2003,1359,16.6,266,5.0
6_1253,2.06,2003,1359,16.6,266,5.0
6_1253,2.02,2003,1359,16.6,266,5.0
6_1253,2.11,2005,1735,16.7,298,5.0
6_1253,2.07,2005,1735,16.7,298,5.0
6_1253,2.16,2005,1735,16.7,298,5.0
6_1253,2.14,2005,1735,16.7,298,5.0
6_1253,2.2,2005,1735,16.7,298,5.0
6_1253,2.31,2007,868,17.6,333,5.0
6_1253,2.39,2007,868,17.6,333,5.0
6_1253,2.4,2007,868,17.6,333,5.0
6_1253,2.37,2007,868,17.6,333,5.0
6_1253,2.35,2007,868,17.6,333,5.0
6_2004,1.48,1990,193,18.1,1962,6.1
6_2004,1.49,1990,193,18.1,1962,6.1
6_2004,1.45,1990,193,18.1,1962,6.1
6_2004,1.46,1990,193,18.1,1962,6.1
6_2004,1.48,1990,193,18.1,1962,6.1
6_2004,1.68,1991,385,17.9,1752,6.1
6_2004,1.62,1991,385,17.9,1752,6.1
6_2004,1.66,1991,385,17.9,1752,6.1
6_2004,1.67,1991,385,17.9,1752,6.1
6_2004,1.67,1991,385,17.9,1752,6.1
6_2004,1.86,1992,447,18.4,3000,6.1
6_2004,1.8,1992,447,18.4,3000,6.1
6_2004,1.75,1992,447,18.4,3000,6.1
6_2004,1.92,1992,447,18.4,3000,6.1
6_2004,1.87,1992,447,18.4,3000,6.1
6_2004,2.11,1993,672,17.9,3000,6.1
6_2004,2.1,1993,672,17.9,3000,6.1
6_2004,2.11,1993,672,17.9,3000,6.1
6_2004,2.15,1993,672,17.9,3000,6.1
6_2647,0.9,1989,434,15.1,520,4.7
6_2647,0.88,1989,434,15.1,520,4.7
6_2647,0.9,1989,434,15.1,520,4.7
6_2647,0.91,1989,434,15.1,520,4.7
6_2647,0.88,1989,434,15.1,520,4.7
6_2647,0.96,1991,544,15.9,327,4.7
6_2647,0.95,1991,544,15.9,327,4.7
6_2647,0.98,1991,544,15.9,327,4.7
6_2647,0.94,1991,544,15.9,327,4.7
6_2647,0.97,1991,544,15.9,327,4.7
6_2647,0.92,1992,599,16.7,269,4.7
6_2647,0.91,1992,599,16.7,269,4.7
6_2647,0.93,1992,599,16.7,269,4.7
6_2647,0.91,1992,599,16.7,269,4.7
6_2647,0.96,1993,771,16.0,430,4.7
6_2647,0.92,1993,771,16.0,430,4.7
6_2647,0.94,1993,771,16.0,430,4.7
6_2647,0.95,1993,771,16.0,430,4.7
6_2647,0.95,1993,771,16.0,430,4.7
6_2647,0.89,1994,579,15.8,530,4.7
6_2647,0.9,1994,579,15.8,530,4.7
6_2647,0.87,1994,579,15.8,530,4.7
6_2647,0.88,1994,579,15.8,530,4.7
6_2647,0.89,1994,579,15.8,530,4.7
6_2647,0.95,1997,501,17.0,416,4.7
6_2647,0.91,1997,501,17.0,416,4.7
6_2647,0.98,1997,501,17.0,416,4.7
6_2647,1.02,1997,501,17.0,416,4.7
6_2647,1.13,1998,1146,15.6,402,4.7
6_2647,1.11,1998,1146,15.6,402,4.7
6_2647,1.14,1998,1146,15.6,402,4.7
6_2647,1.08,1998,1146,15.6,402,4.7
6_2647,1.07,1998,1146,15.6,402,4.7
6_2647,1.23,1999,566,15.4,474,4.7
6_2647,1.25,1999,566,15.4,474,4.7
6_2647,1.24,1999,566,15.4,474,4.7
6_2647,1.26,1999,566,15.4,474,4.7
6_2647,1.26,1999,566,15.4,474,4.7
6_2647,1.47,2001,715,16.6,557,4.7
6_2647,1.47,2001,715,16.6,557,4.7
6_2647,1.48,2001,715,16.6,557,4.7
6_2647,1.47,2001,715,16.6,557,4.7
6_2647,1.49,2001,715,16.6,557,4.7
6_2647,1.59,2002,576,16.3,598,4.7
6_2647,1.64,2002,576,16.3,598,4.7
6_2647,1.64,2002,576,16.3,598,4.7
6_2647,1.65,2002,576,16.3,598,4.7
6_2647,1.63,2002,576,16.3,598,4.7
6_2647,1.86,2004,543,16.2,660,4.7
6_2647,1.81,2004,543,16.2,660,4.7
6_2647,1.91,2004,543,16.2,660,4.7
6_2647,1.86,2004,543,16.2,660,4.7
6_2647,1.85,2004,543,16.2,660,4.7
6_2647,2.34,2007,481,16.3,766,4.7
6_2647,2.19,2007,481,16.3,766,4.7
6_2647,2.22,2007,481,16.3,766,4.7
6_2647,2.28,2007,481,16.3,766,4.7
6_2647,2.19,2007,481,16.3,766,4.7
6_8151,0.68,1990,92,22.9,2237,3.5
6_8151,0.66,1990,92,22.9,2237,3.5
6_8151,0.75,1990,92,22.9,2237,3.5
6_8151,0.81,1990,92,22.9,2237,3.5
6_8151,0.64,1990,92,22.9,2237,3.5
6_8151,2.49,1992,219,23.2,1938,3.5
6_8151,2.55,1992,219,23.2,1938,3.5
6_8151,2.57,1992,219,23.2,1938,3.5
6_8151,2.73,1992,219,23.2,1938,3.5
6_8151,2.5,1992,219,23.2,1938,3.5
6_8201,1.32,1990,166,19.3,133,4.3
6_8201,1.32,1990,166,19.3,133,4.3
6_8201,1.32,1990,166,19.3,133,4.3
6_8201,1.32,1990,166,19.3,133,4.3
6_8201,1.33,1990,166,19.3,133,4.3
6_8201,1.27,1991,212,18.7,125,4.3
6_8201,1.31,1991,212,18.7,125,4.3
6_8201,1.3,1991,212,18.7,125,4.3
6_8201,1.32,1991,212,18.7,125,4.3
6_8201,1.35,1991,212,18.7,125,4.3
6_8201,1.41,1992,219,18.9,142,4.3
6_8201,1.4,1992,219,18.9,142,4.3
6_8201,1.39,1992,219,18.9,142,4.3
6_8201,1.38,1992,219,18.9,142,4.3
6_8201,1.41,1992,219,18.9,142,4.3
6_8201,1.4,1993,221,18.5,173,4.3
6_8201,1.42,1993,221,18.5,173,4.3
6_8201,1.43,1993,221,18.5,173,4.3
6_8201,1.44,1993,221,18.5,173,4.3
6_8201,1.37,1995,271,18.7,163,4.3
6_8201,1.38,1995,271,18.7,163,4.3
6_8201,1.36,1995,271,18.7,163,4.3
6_8201,1.36,1995,271,18.7,163,4.3
6_8201,1.38,1995,271,18.7,163,4.3
6_8201,1.55,1997,154,18.3,478,4.3
6_8201,1.55,1997,154,18.3,478,4.3
6_8201,1.52,1997,154,18.3,478,4.3
6_8201,1.53,1997,154,18.3,478,4.3
6_8201,1.49,1997,154,18.3,478,4.3
6_8201,1.54,1998,377,17.0,488,4.3
6_8201,1.55,1998,377,17.0,488,4.3
6_8201,1.54,1998,377,17.0,488,4.3
6_8201,1.55,1998,377,17.0,488,4.3
6_8201,1.53,1998,377,17.0,488,4.3
6_8201,1.62,1999,144,17.3,616,4.3
6_8201,1.61,1999,144,17.3,616,4.3
6_8201,1.6,1999,144,17.3,616,4.3
6_8201,1.61,1999,144,17.3,616,4.3
6_8201,1.58,1999,144,17.3,616,4.3
6_8201,1.64,2001,200,18.6,655,4.3
6_8201,1.64,2001,200,18.6,655,4.3
6_8201,1.63,2001,200,18.6,655,4.3
6_8201,1.63,2001,200,18.6,655,4.3
6_8201,1.62,2002,109,18.3,714,4.3
6_8201,1.63,2002,109,18.3,714,4.3
6_8201,1.6,2002,109,18.3,714,4.3
6_8201,1.61,2002,109,18.3,714,4.3
6_8201,1.6,2002,109,18.3,714,4.3
6_8201,1.65,2004,150,18.2,690,4.3
6_8201,1.68,2004,150,18.2,690,4.3
6_8201,1.64,2004,150,18.2,690,4.3
6_8201,1.66,2004,150,18.2,690,4.3
6_8201,1.63,2004,150,18.2,690,4.3
6_8201,1.67,2005,210,18.2,728,4.3
6_8201,1.67,2005,210,18.2,728,4.3
6_8201,1.67,2005,210,18.2,728,4.3
6_8201,1.66,2005,210,18.2,728,4.3
6_8201,1.67,2005,210,18.2,728,4.3
85_1801,1.79,1989,1177,5.1,586,2.8
85_1801,1.74,1989,1177,5.1,586,2.8
85_1801,1.75,1989,1177,5.1,586,2.8
85_1801,1.72,1989,1177,5.1,586,2.8
85_1801,1.76,1989,1177,5.1,586,2.8
85_1801,2.0,1990,1533,5.2,446,2.8
85_1801,2.01,1990,1533,5.2,446,2.8
85_1801,2.05,1990,1533,5.2,446,2.8
85_1801,2.0,1990,1533,5.2,446,2.8
85_1801,2.04,1990,1533,5.2,446,2.8
85_1801,2.15,1991,1459,4.3,468,2.8
85_1801,2.12,1991,1459,4.3,468,2.8
85_1801,2.13,1991,1459,4.3,468,2.8
85_1801,2.17,1991,1459,4.3,468,2.8
85_1801,2.14,1991,1459,4.3,468,2.8
85_1801,2.13,1992,1480,4.0,474,2.8
85_1801,2.12,1992,1480,4.0,474,2.8
85_1801,2.13,1992,1480,4.0,474,2.8
85_1801,2.17,1992,1480,4.0,474,2.8
85_1801,2.14,1992,1480,4.0,474,2.8
85_1801,2.47,1993,1471,4.3,167,2.8
85_1801,2.46,1993,1471,4.3,167,2.8
85_1801,2.43,1993,1471,4.3,167,2.8
85_1801,2.46,1993,1471,4.3,167,2.8
85_1801,2.48,1993,1471,4.3,167,2.8
85_1801,2.54,1994,1546,5.2,446,2.8
85_1801,2.49,1994,1546,5.2,446,2.8
85_1801,2.52,1994,1546,5.2,446,2.8
85_1801,2.55,1994,1546,5.2,446,2.8
85_1801,2.55,1994,1546,5.2,446,2.8
85_1801,2.64,1995,1511,4.9,433,2.8
85_1801,2.63,1995,1511,4.9,433,2.8
85_1801,2.62,1995,1511,4.9,433,2.8
85_1801,2.66,1995,1511,4.9,433,2.8
85_1801,2.65,1995,1511,4.9,433,2.8
85_1801,2.97,1997,1241,4.9,290,2.8
85_1801,2.98,1997,1241,4.9,290,2.8
85_1801,2.95,1997,1241,4.9,290,2.8
85_1801,2.95,1997,1241,4.9,290,2.8
85_1801,2.97,1997,1241,4.9,290,2.8
85_1801,3.07,1998,1128,6.2,395,2.8
85_1801,3.12,1998,1128,6.2,395,2.8
85_1801,3.13,1998,1128,6.2,395,2.8
85_1801,3.14,1998,1128,6.2,395,2.8
85_1801,3.13,1998,1128,6.2,395,2.8
85_1801,3.1,1999,1211,7.2,404,2.8
85_1801,3.14,1999,1211,7.2,404,2.8
85_1801,3.03,1999,1211,7.2,404,2.8
85_1801,3.15,1999,1211,7.2,404,2.8
85_1801,3.14,1999,1211,7.2,404,2.8
85_1801,3.33,2001,1300,5.8,424,2.8
85_1801,3.33,2001,1300,5.8,424,2.8
85_1801,3.3,2001,1300,5.8,424,2.8
85_1801,3.26,2001,1300,5.8,424,2.8
85_1801,3.33,2001,1300,5.8,424,2.8
85_1801,3.57,2003,1365,6.6,446,2.8
85_1801,3.44,2003,1365,6.6,446,2.8
85_1801,3.54,2003,1365,6.6,446,2.8
85_1801,3.56,2003,1365,6.6,446,2.8
85_1801,3.49,2003,1365,6.6,446,2.8
85_1801,3.93,2005,1668,6.7,468,2.8
85_1801,3.93,2005,1668,6.7,468,2.8
85_1801,4.03,2005,1668,6.7,468,2.8
85_1801,4.09,2005,1668,6.7,468,2.8
85_1801,4.04,2005,1668,6.7,468,2.8
85_1808,0.85,1989,1403,4.4,195,2.8
85_1808,0.86,1989,1403,4.4,195,2.8
85_1808,0.87,1989,1403,4.4,195,2.8
85_1808,0.85,1989,1403,4.4,195,2.8
85_1808,0.86,1989,1403,4.4,195,2.8
85_1808,0.96,1990,1552,4.2,200,2.8
85_1808,0.95,1990,1552,4.2,200,2.8
85_1808,0.98,1990,1552,4.2,200,2.8
85_1808,0.96,1990,1552,4.2,200,2.8
85_1808,0.92,1990,1552,4.2,200,2.8
85_1808,0.95,1991,1219,3.5,214,2.8
85_1808,0.94,1991,1219,3.5,214,2.8
85_1808,0.95,1991,1219,3.5,214,2.8
85_1808,0.94,1991,1219,3.5,214,2.8
85_1808,0.9,1992,1182,2.7,121,2.8
85_1808,0.88,1992,1182,2.7,121,2.8
85_1808,0.88,1992,1182,2.7,121,2.8
85_1808,0.9,1992,1182,2.7,121,2.8
85_1808,0.9,1992,1182,2.7,121,2.8
85_1808,0.87,1993,1589,3.7,70,2.8
85_1808,0.88,1993,1589,3.7,70,2.8
85_1808,0.86,1993,1589,3.7,70,2.8
85_1808,0.87,1993,1589,3.7,70,2.8
85_1808,0.84,1993,1589,3.7,70,2.8
85_1808,0.9,1994,1509,4.0,93,2.8
85_1808,0.9,1994,1509,4.0,93,2.8
85_1808,0.92,1994,1509,4.0,93,2.8
85_1808,0.92,1994,1509,4.0,93,2.8
85_1808,0.86,1995,1408,4.5,102,2.8
85_1808,0.86,1995,1408,4.5,102,2.8
85_1808,0.86,1995,1408,4.5,102,2.8
85_1808,0.87,1995,1408,4.5,102,2.8
85_1808,0.87,1995,1408,4.5,102,2.8
85_1808,0.85,1997,1385,3.9,113,2.8
85_1808,0.85,1997,1385,3.9,113,2.8
85_1808,0.85,1997,1385,3.9,113,2.8
85_1808,0.84,1997,1385,3.9,113,2.8
85_1808,0.85,1997,1385,3.9,113,2.8
85_1808,0.84,1999,1415,6.3,109,2.8
85_1808,0.83,1999,1415,6.3,109,2.8
85_1808,0.83,1999,1415,6.3,109,2.8
85_1808,0.82,1999,1415,6.3,109,2.8
85_1808,0.83,1999,1415,6.3,109,2.8
85_1808,0.8,2001,1118,5.3,106,2.8
85_1808,0.82,2001,1118,5.3,106,2.8
85_1808,0.79,2001,1118,5.3,106,2.8
85_1808,0.81,2001,1118,5.3,106,2.8
85_1808,0.8,2001,1118,5.3,106,2.8
85_1808,0.77,2003,1247,5.0,103,2.8
85_1808,0.77,2003,1247,5.0,103,2.8
85_1808,0.78,2003,1247,5.0,103,2.8
85_1808,0.77,2003,1247,5.0,103,2.8
85_1808,0.77,2003,1247,5.0,103,2.8
85_1808,0.8,2005,1134,5.5,100,2.8
85_1808,0.79,2005,1134,5.5,100,2.8
85_1808,0.8,2005,1134,5.5,100,2.8
85_1808,0.79,2005,1134,5.5,100,2.8
85_1808,0.8,2005,1134,5.5,100,2.8
85_1808,0.84,2010,1130,6.5,92,2.8
85_1808,0.84,2010,1130,6.5,92,2.8
85_1808,0.83,2010,1130,6.5,92,2.8
85_1808,0.83,2010,1130,6.5,92,2.8
85_1808,0.85,2010,1130,6.5,92,2.8
85_1808,0.84,2013,1526,5.5,88,2.8
85_1808,0.85,2013,1526,5.5,88,2.8
85_1808,0.83,2013,1526,5.5,88,2.8
85_1808,0.84,2013,1526,5.5,88,2.8
85_1808,0.85,2015,1279,4.3,85,2.8
85_1808,0.85,2015,1279,4.3,85,2.8
85_1808,0.86,2015,1279,4.3,85,2.8
85_1808,0.85,2015,1279,4.3,85,2.8
