STATE_CODE,STATE_CODE_EXP,SHRP_ID,CONSTRUCTION_NO,YEAR,AADTT_ALL_TRUCKS_TREND,ANNUAL_TRUCK_VOLUME_TREND
23,Maine,1012,1,1999,1854,676710
23,Maine,1012,1,1987,1440,525600
23,Maine,1012,1,1986,1310,478150
23,Maine,1012,1,1985,1280,156160
23,Maine,1012,1,1989,1690,616850
23,Maine,1012,1,2002,1799,242865
23,Maine,1012,1,2000,1782,652212
23,Maine,1012,1,1990,1150,419750
23,Maine,1012,1,1988,1470,538020
23,Maine,1012,1,1998,1530,558450
23,Maine,1012,1,1997,1437,524505
23,Maine,1012,1,1996,1343,491538
23,Maine,1012,1,1995,1320,481800
23,Maine,1012,1,1994,1280,467200
23,Maine,1012,1,1993,1270,463550
23,Maine,1012,1,1992,1210,442860
23,Maine,1012,1,1991,1160,423400
23,Maine,1012,1,2001,1843,672695
26,Michigan,1010,1,1993,130,47450
26,Michigan,1010,1,1982,316,115340
26,Michigan,1010,1,1991,80,29200
26,Michigan,1010,1,1990,78,28470
26,Michigan,1010,1,1989,200,73000
26,Michigan,1010,1,1988,160,58560
26,Michigan,1010,1,1987,455,166075
26,Michigan,1010,1,1986,445,162425
26,Michigan,1010,1,1985,445,162425
26,Michigan,1010,1,1995,202,73730
26,Michigan,1010,1,1983,450,164250
26,Michigan,1010,1,1994,184,67160
26,Michigan,1010,1,1981,450,164250
26,Michigan,1010,1,1980,450,164700
26,Michigan,1010,1,1979,425,155125
26,Michigan,1010,1,1978,425,155125
26,Michigan,1010,1,1977,400,146000
26,Michigan,1010,1,1976,390,142740
26,Michigan,1010,1,1975,350,53550
26,Michigan,1010,1,1984,450,164700
26,Michigan,1010,1,1992,82,30012
26,Michigan,1010,1,1998,98,21756
26,Michigan,1010,1,1997,126,45990
26,Michigan,1010,1,1996,158,57828
26,Michigan,1001,1,1979,85,31025
26,Michigan,1001,1,1985,55,20075
26,Michigan,1001,1,1996,129,47214
26,Michigan,1001,1,1995,112,40880
26,Michigan,1001,1,1994,79,28835
26,Michigan,1001,1,1993,78,28470
26,Michigan,1001,1,1992,55,20130
26,Michigan,1001,1,1991,68,24820
26,Michigan,1001,1,1990,40,14600
26,Michigan,1001,1,1989,45,16425
26,Michigan,1001,1,1988,50,18300
26,Michigan,1001,1,1971,35,4270
26,Michigan,1001,1,1986,55,20075
26,Michigan,1001,1,1999,62,22630
26,Michigan,1001,1,1983,55,20075
26,Michigan,1001,1,1981,55,20075
26,Michigan,1001,1,1980,85,31110
26,Michigan,1001,1,1978,75,27375
26,Michigan,1001,1,1976,65,23790
26,Michigan,1001,1,1975,65,23725
26,Michigan,1001,1,1974,60,21900
26,Michigan,1001,1,1973,55,20075
26,Michigan,1001,1,1972,40,14640
26,Michigan,1001,1,1987,55,20075
26,Michigan,1001,1,1977,75,27375
26,Michigan,1001,1,1997,117,42705
26,Michigan,1001,1,1998,126,45990
26,Michigan,1001,1,2006,87,15834
26,Michigan,1001,1,2005,83,30295
26,Michigan,1001,1,2004,79,28914
26,Michigan,1001,1,2003,55,20075
26,Michigan,1001,1,2002,73,26645
26,Michigan,1001,1,2001,84,30660
26,Michigan,1001,1,2000,81,29646
26,Michigan,1001,1,1982,55,20075
26,Michigan,1001,1,1984,55,20130
27,Minnesota,1029,1,1988,210,76860
27,Minnesota,1029,1,1971,230,83950
27,Minnesota,1029,1,1994,205,74825
27,Minnesota,1029,1,1970,225,82125
27,Minnesota,1029,1,1995,217,79205
27,Minnesota,1029,1,1993,184,67160
27,Minnesota,1029,1,1992,207,75762
27,Minnesota,1029,1,1991,188,68620
27,Minnesota,1029,1,1990,170,62050
27,Minnesota,1029,1,1989,220,80300
27,Minnesota,1029,1,1997,195,32175
27,Minnesota,1029,1,1974,290,105850
27,Minnesota,1029,1,1996,187,68442
27,Minnesota,1029,1,1987,200,73000
27,Minnesota,1029,1,1977,210,76650
27,Minnesota,1029,1,1975,240,87600
27,Minnesota,1029,1,1973,260,94900
27,Minnesota,1029,1,1978,225,82125
27,Minnesota,1029,1,1979,210,76650
27,Minnesota,1029,1,1972,240,87840
27,Minnesota,1029,1,1981,200,73000
27,Minnesota,1029,1,1982,210,76650
27,Minnesota,1029,1,1983,210,76650
27,Minnesota,1029,1,1984,210,76860
27,Minnesota,1029,1,1980,200,73200
27,Minnesota,1029,1,1986,190,69350
27,Minnesota,1029,1,1976,190,69540
27,Minnesota,1029,1,1985,200,73000
28,Mississippi,1016,1,1994,168,61320
28,Mississippi,1016,1,1989,110,40150
28,Mississippi,1016,1,1986,90,5490
28,Mississippi,1016,1,1987,90,32850
28,Mississippi,1016,1,1988,120,43920
28,Mississippi,1016,1,1992,171,62586
28,Mississippi,1016,1,1990,124,45260
28,Mississippi,1016,1,1995,169,61685
28,Mississippi,1016,1,1996,280,102480
28,Mississippi,1016,1,1997,208,75920
28,Mississippi,1016,1,1998,214,45368
28,Mississippi,1016,1,1993,173,63145
28,Mississippi,1016,1,1991,155,56575
28,Mississippi,3083,1,1998,28,10220
28,Mississippi,3083,1,2009,41,14965
28,Mississippi,3083,1,1997,34,12410
28,Mississippi,3083,1,2011,43,15695
28,Mississippi,3083,1,2012,45,16470
28,Mississippi,3083,1,2013,46,16790
28,Mississippi,3083,1,2014,48,17520
28,Mississippi,3083,1,2015,49,17885
28,Mississippi,3083,1,2016,51,18666
28,Mississippi,3083,1,2017,53,19345
28,Mississippi,3083,1,2007,38,13870
28,Mississippi,3083,1,1989,20,7300
28,Mississippi,3083,1,1979,10,3650
28,Mississippi,3082,1,1998,422,154030
28,Mississippi,3082,1,1989,335,30820
28,Mississippi,3082,1,1990,252,91980
28,Mississippi,3082,1,1991,262,95630
28,Mississippi,3082,1,1992,354,129564
28,Mississippi,3082,1,1993,364,132860
28,Mississippi,3082,1,1994,375,136875
28,Mississippi,3082,1,1995,386,140890
28,Mississippi,3082,1,1997,410,149650
28,Mississippi,3082,1,1999,510,186150
28,Mississippi,3082,1,2000,493,180438
28,Mississippi,3082,1,2001,465,70680
28,Mississippi,3082,1,1996,398,145668
28,Mississippi,3083,1,1983,25,9125
28,Mississippi,3083,1,2010,42,15330
28,Mississippi,3083,1,1981,15,5475
28,Mississippi,3083,1,2000,30,10980
28,Mississippi,3083,1,2001,31,11315
28,Mississippi,3083,1,2002,32,11680
28,Mississippi,3083,1,2003,33,12045
28,Mississippi,3083,1,1980,15,5490
28,Mississippi,3083,1,1982,25,9125
28,Mississippi,3083,1,2006,37,13505
28,Mississippi,3083,1,1984,25,9150
28,Mississippi,3083,1,1985,25,9125
28,Mississippi,3083,1,1986,25,9125
28,Mississippi,3083,1,1999,29,10585
28,Mississippi,3083,1,1988,20,7320
28,Mississippi,3083,1,1978,10,610
28,Mississippi,3083,1,1990,13,4745
28,Mississippi,3083,1,1991,19,6935
28,Mississippi,3083,1,1992,23,8418
28,Mississippi,3083,1,1993,24,8760
28,Mississippi,3083,1,1994,24,8760
28,Mississippi,3083,1,1995,22,8030
28,Mississippi,3083,1,1996,26,9516
28,Mississippi,3083,1,1987,25,9125
28,Mississippi,3083,1,2008,39,14274
28,Mississippi,3083,1,2004,35,12810
28,Mississippi,3083,1,2005,36,13140
5,Arkansas,3048,1,1994,92,33580
5,Arkansas,3048,1,1984,54,19764
5,Arkansas,3048,1,1993,87,31755
5,Arkansas,3048,1,1983,36,13140
5,Arkansas,3048,1,1988,69,25254
5,Arkansas,3048,1,1985,60,21900
5,Arkansas,3048,1,2003,153,55845
5,Arkansas,3048,1,2004,124,41664
5,Arkansas,3048,1,1997,117,42705
5,Arkansas,3048,1,1995,92,33580
5,Arkansas,3048,1,1998,54,19710
5,Arkansas,3048,1,1996,86,31476
5,Arkansas,3048,1,1992,82,30012
5,Arkansas,3048,1,1991,81,29565
5,Arkansas,3048,1,1999,151,55115
5,Arkansas,3048,1,2001,193,70445
5,Arkansas,3048,1,2002,144,52560
5,Arkansas,3048,1,2000,147,53802
5,Arkansas,3048,1,1982,81,29565
5,Arkansas,3048,1,1981,49,1519
5,Arkansas,3048,1,1986,63,22995
5,Arkansas,3048,1,1990,77,28105
5,Arkansas,3048,1,1987,60,21900
5,Arkansas,3048,1,1989,76,27740
6,California,8151,1,1987,1783,650795
6,California,8201,1,1987,166,60590
6,California,2004,1,1984,541,198006
6,California,2647,1,1984,362,132492
6,California,8201,1,1994,163,59495
6,California,8151,1,1984,1641,600606
6,California,8201,1,1984,71,25986
6,California,1253,1,1984,105,38430
6,California,1253,1,1993,151,55115
6,California,2004,1,1993,3000,1095000
6,California,2647,1,1993,430,156950
6,California,8151,1,1989,2361,861765
6,California,8201,1,1989,310,113150
6,California,8151,1,1990,2237,816505
6,California,1253,1,1983,72,26280
6,California,2004,1,1983,464,169360
6,California,8151,1,1986,1687,615755
6,California,8201,1,1986,126,45990
6,California,2647,1,1983,325,118625
6,California,8151,1,1988,2530,925980
6,California,8201,1,1988,307,112362
6,California,1253,1,1986,112,40880
6,California,2004,1,1986,686,250390
6,California,1253,1,1988,179,65514
6,California,2004,1,1988,1023,374418
6,California,2647,1,1988,506,185196
6,California,8151,1,1982,595,217175
6,California,8201,1,1982,57,20805
6,California,8151,1,1985,1759,642035
6,California,8201,1,1985,122,44530
6,California,1253,1,2010,395,144175
6,California,2647,1,2003,621,226665
6,California,1253,1,2006,315,114975
6,California,8201,1,2003,675,246375
6,California,1253,1,2004,281,102846
6,California,2647,1,2004,660,241560
6,California,8201,1,2004,690,252540
6,California,1253,1,2005,298,108770
6,California,2647,1,2005,690,251850
6,California,8201,1,2005,728,265720
6,California,8201,1,2006,560,204400
6,California,2647,1,2006,754,275210
6,California,1253,1,2003,266,97090
6,California,8201,1,1995,163,59495
6,California,8201,1,1990,133,48545
6,California,2647,1,1997,416,151840
6,California,8151,1,1992,1938,591090
6,California,8201,1,1992,142,51972
6,California,1253,1,1997,190,69350
6,California,2004,1,1997,2278,831470
6,California,8201,1,1993,173,63145
6,California,1253,1,1995,169,61685
6,California,1253,1,1998,201,73365
6,California,2004,1,1998,2106,768690
6,California,2647,1,1998,402,146730
6,California,8201,1,1991,125,45625
6,California,1253,1,1991,104,37960
6,California,2004,1,1991,1752,639480
6,California,2647,1,1991,327,119355
6,California,2647,1,1996,548,200568
6,California,2004,1,1995,3216,1173840
6,California,2647,1,1995,544,198560
6,California,1253,1,1992,51,18666
6,California,2004,1,1992,3000,1098000
6,California,2647,1,1992,269,98454
6,California,1253,1,1996,179,65514
6,California,2004,1,1996,3538,1294908
6,California,8201,1,1996,165,60390
6,California,8151,1,1991,2237,816505
6,California,8201,1,1997,478,174470
6,California,2647,1,1999,474,173010
6,California,8201,1,2002,714,260610
6,California,8201,1,1998,488,178120
6,California,1253,1,2009,373,136145
6,California,2647,1,2009,633,96216
6,California,1253,1,1999,212,77380
6,California,2004,1,1999,2865,1045725
6,California,1253,3,2014,495,180675
6,California,1253,2,2014,495,180675
6,California,1253,2,2013,468,170820
6,California,1253,3,2013,468,170820
6,California,1253,1,2008,353,129198
6,California,2647,1,2008,775,283650
6,California,1253,1,2000,225,82350
6,California,2004,1,2000,2865,263580
6,California,1253,1,2007,333,121545
6,California,2647,1,2007,766,279590
6,California,8201,1,2007,579,579
6,California,1253,3,2012,442,94588
6,California,1253,2,2012,442,161772
6,California,1253,2,2011,418,89452
6,California,1253,1,2011,418,63536
6,California,1253,3,2016,554,202764
6,California,1253,2,2016,554,202764
6,California,8201,1,1999,616,224840
6,California,2647,1,2001,557,203305
6,California,8201,1,2001,655,239075
6,California,1253,1,2002,251,91615
6,California,2647,1,2002,598,218270
6,California,2647,1,2000,474,173484
6,California,8201,1,2000,616,225456
6,California,1253,1,2001,238,86870
6,California,8201,1,1971,17,3638
6,California,8151,1,1979,536,195640
6,California,8151,1,1980,621,227286
6,California,8201,1,1980,43,15738
6,California,8201,1,1979,45,16425
6,California,8151,1,1976,422,154452
6,California,8201,1,1976,42,15372
6,California,8151,1,1973,357,76398
6,California,8201,1,1973,13,4745
6,California,8201,1,1972,11,4026
6,California,2004,1,1976,558,51336
6,California,2647,1,1976,284,34648
6,California,1253,1,1972,52,19032
6,California,2004,1,1982,1095,399675
6,California,2647,1,1982,329,120085
6,California,1253,1,1980,63,23058
6,California,2004,1,1980,916,335256
6,California,2647,1,1980,336,122976
6,California,1253,1,1971,44,16060
6,California,1253,1,1970,41,7544
6,California,1253,1,1979,61,22265
6,California,2004,1,1979,827,301855
6,California,1253,1,1976,54,19764
6,California,1253,1,1982,68,24820
6,California,8151,1,1974,362,132130
6,California,8201,1,1974,14,5110
6,California,8151,1,1975,372,135780
6,California,8201,1,1975,40,14600
6,California,8151,1,1978,481,175565
6,California,8201,1,1978,43,15695
6,California,2647,1,1979,336,122640
6,California,1253,1,1975,52,18980
6,California,8151,1,1981,527,192355
6,California,8201,1,1981,47,17155
6,California,1253,1,1974,52,18980
6,California,1253,1,1978,65,23725
6,California,2004,1,1978,737,269005
6,California,2647,1,1978,336,122640
6,California,1253,1,1981,68,24820
6,California,2004,1,1981,1006,367190
6,California,2647,1,1981,329,120085
6,California,1253,1,1973,52,18980
6,California,1253,1,1977,60,21900
6,California,2004,1,1977,648,236520
6,California,2647,1,1977,307,112055
6,California,8151,1,1977,408,148920
6,California,8201,1,1977,42,15330
6,California,1253,1,1989,210,76650
6,California,2004,1,1989,1640,598600
6,California,1253,2,2015,524,191260
6,California,1253,3,2015,524,191260
6,California,2647,1,1986,401,146365
6,California,1253,3,2017,586,213890
6,California,1253,2,2017,586,213890
6,California,1253,1,1994,160,58400
6,California,2004,1,1994,3430,1251950
6,California,2647,1,1994,530,193450
6,California,8151,1,1983,740,270100
6,California,8201,1,1983,64,23360
6,California,1253,1,1985,112,40880
6,California,2004,1,1985,636,232140
6,California,1253,1,1987,179,65335
6,California,2004,1,1987,924,337260
6,California,2647,1,1985,362,132130
6,California,1253,1,1990,210,76650
6,California,2004,1,1990,1962,716130
6,California,2647,1,1990,293,106945
6,California,2647,1,1987,422,154030
6,California,2647,1,1989,520,189800
29,Missouri,1005,1,2002,789,287985
29,Missouri,1005,1,1997,472,172280
29,Missouri,1005,1,1998,513,187245
29,Missouri,1005,1,1999,542,197830
29,Missouri,1005,1,2001,760,277400
29,Missouri,1005,1,2003,803,293095
29,Missouri,1005,1,2004,860,314760
29,Missouri,1005,1,2005,757,114307
29,Missouri,1005,1,2000,730,267180
29,Missouri,1005,1,1987,337,123005
29,Missouri,1005,1,1981,274,100010
29,Missouri,1005,1,1984,285,104310
29,Missouri,1005,1,1994,499,182135
29,Missouri,1005,1,1993,447,163155
29,Missouri,1005,1,1992,317,116022
29,Missouri,1005,1,1991,481,175565
29,Missouri,1005,1,1995,405,147825
29,Missouri,1005,1,1996,477,174582
29,Missouri,1005,1,1990,598,218270
29,Missouri,1005,1,1988,371,135786
29,Missouri,1005,1,1986,311,113515
29,Missouri,1005,1,1975,204,74460
29,Missouri,1005,1,1980,251,91866
29,Missouri,1005,1,1979,229,83585
29,Missouri,1005,1,1978,223,81395
29,Missouri,1005,1,1989,398,145270
29,Missouri,1005,1,1976,209,76494
29,Missouri,1005,1,1985,277,101105
29,Missouri,1005,1,1974,200,49000
29,Missouri,1005,1,1983,292,106580
29,Missouri,1005,1,1982,297,108405
29,Missouri,1005,1,1977,216,78840
30,Montana,1001,1,1990,172,62780
30,Montana,1001,1,1983,166,60590
30,Montana,1001,1,1985,139,50735
30,Montana,1001,1,1986,166,60590
30,Montana,1001,1,1987,157,57305
30,Montana,1001,1,1989,151,55115
30,Montana,1001,1,1982,154,23562
30,Montana,1001,1,1991,155,56575
30,Montana,1001,1,1992,168,61488
30,Montana,1001,1,1993,172,62780
30,Montana,1001,1,1994,195,71175
30,Montana,1001,1,1995,200,73000
30,Montana,1001,1,1996,214,78324
30,Montana,1001,1,1997,212,77380
30,Montana,1001,1,1998,199,72635
30,Montana,1001,1,1999,189,46116
30,Montana,1001,1,1988,147,53802
30,Montana,1001,1,1984,171,62586
34,New Jersey,1638,1,1991,1430,521950
34,New Jersey,1638,1,2007,1336,284568
34,New Jersey,1638,1,2005,1700,620500
34,New Jersey,1638,1,2003,1914,698610
34,New Jersey,1638,1,1985,1053,64233
34,New Jersey,1638,1,2002,1609,587285
34,New Jersey,1638,1,2001,1592,581080
34,New Jersey,1638,1,2000,1380,505080
34,New Jersey,1638,1,1999,1178,429970
34,New Jersey,1638,1,2004,1860,680760
34,New Jersey,1638,1,1990,1250,456250
34,New Jersey,1638,1,1989,1190,434350
34,New Jersey,1638,1,1988,1000,366000
34,New Jersey,1638,1,1998,1269,463185
34,New Jersey,1638,1,1986,720,262800
34,New Jersey,1638,1,2006,1405,512825
34,New Jersey,1638,1,1997,1254,457710
34,New Jersey,1638,1,1996,1189,435174
34,New Jersey,1638,1,1992,1615,591090
34,New Jersey,1638,1,1993,1146,418290
34,New Jersey,1638,1,1994,1149,419385
34,New Jersey,1638,1,1995,1167,425955
34,New Jersey,1638,1,1987,850,310250
85,Newfoundland,1808,1,2017,83,30295
85,Newfoundland,1808,1,1983,129,15738
85,Newfoundland,1808,1,1984,134,49044
85,Newfoundland,1808,1,1985,80,29200
85,Newfoundland,1808,1,1986,80,29200
85,Newfoundland,1808,1,1987,195,71175
85,Newfoundland,1808,1,1988,180,65880
85,Newfoundland,1808,1,1989,195,71175
85,Newfoundland,1808,1,1990,200,73000
85,Newfoundland,1808,1,1991,214,78110
85,Newfoundland,1808,1,1992,121,44286
85,Newfoundland,1808,1,1993,70,25550
85,Newfoundland,1808,1,1994,93,33945
85,Newfoundland,1808,1,1995,102,37230
85,Newfoundland,1808,1,1996,106,38796
85,Newfoundland,1808,1,1997,113,41245
85,Newfoundland,1808,1,1998,111,40515
85,Newfoundland,1808,1,1999,109,39785
85,Newfoundland,1808,1,2000,108,39528
85,Newfoundland,1808,1,2001,106,38690
85,Newfoundland,1808,1,2002,104,37960
85,Newfoundland,1808,1,2003,103,37595
85,Newfoundland,1808,1,2004,101,36966
85,Newfoundland,1808,1,2005,100,36500
85,Newfoundland,1808,1,2006,98,35770
85,Newfoundland,1808,1,2007,97,35405
85,Newfoundland,1808,1,2008,95,34770
85,Newfoundland,1808,1,2009,94,34310
85,Newfoundland,1808,1,2010,92,33580
85,Newfoundland,1808,1,2011,91,33215
85,Newfoundland,1808,1,2012,89,32574
85,Newfoundland,1808,1,2013,88,32120
85,Newfoundland,1808,1,2014,87,31755
85,Newfoundland,1808,1,2015,85,31025
85,Newfoundland,1808,1,2016,84,30744
85,Newfoundland,1801,1,1984,336,40992
85,Newfoundland,1801,1,1985,404,147460
85,Newfoundland,1801,1,1986,558,203670
85,Newfoundland,1801,1,1987,336,122640
85,Newfoundland,1801,1,1988,209,76494
85,Newfoundland,1801,1,1989,586,213890
85,Newfoundland,1801,1,1990,446,162790
85,Newfoundland,1801,1,1991,468,170820
85,Newfoundland,1801,1,1992,474,173484
85,Newfoundland,1801,1,1993,167,60955
85,Newfoundland,1801,1,1994,446,162790
85,Newfoundland,1801,1,1995,433,158045
85,Newfoundland,1801,1,1996,420,153720
85,Newfoundland,1801,1,1997,290,105850
85,Newfoundland,1801,1,1998,395,144175
85,Newfoundland,1801,1,1999,404,147460
85,Newfoundland,1801,1,2000,414,151524
85,Newfoundland,1801,1,2001,424,154760
85,Newfoundland,1801,1,2002,435,158775
85,Newfoundland,1801,1,2003,446,162790
85,Newfoundland,1801,1,2004,457,167262
85,Newfoundland,1801,1,2005,468,170820
85,Newfoundland,1801,1,2006,480,72960
35,New Mexico,1112,1,1989,172,62780
35,New Mexico,1112,1,1990,11,4015
35,New Mexico,1112,1,1988,218,79788
35,New Mexico,1112,1,1996,55,20130
35,New Mexico,1112,1,1987,221,80665
35,New Mexico,1112,1,1995,37,13505
35,New Mexico,1112,1,2003,49,17885
35,New Mexico,1112,1,1986,330,120450
35,New Mexico,1112,1,1991,15,5475
35,New Mexico,1112,1,1992,16,5856
35,New Mexico,1112,1,1993,452,164980
35,New Mexico,1112,1,1985,304,110960
35,New Mexico,1112,1,1997,490,178850
35,New Mexico,1112,1,1998,373,136145
35,New Mexico,1112,1,2004,139,46704
35,New Mexico,1112,1,1999,381,139065
35,New Mexico,1112,1,1984,309,66126
35,New Mexico,1112,1,2002,45,16425
35,New Mexico,1112,1,2001,31,11315
35,New Mexico,1112,1,2000,239,87474
35,New Mexico,1112,1,1994,459,167535
35,New Mexico,1022,1,1995,689,251485
35,New Mexico,1022,1,1999,496,38192
35,New Mexico,1022,1,1998,481,175565
35,New Mexico,1022,1,1996,330,120780
35,New Mexico,1022,1,1986,414,38088
35,New Mexico,1022,1,1994,953,347845
35,New Mexico,1022,1,1993,909,331785
35,New Mexico,1022,1,1992,309,113094
35,New Mexico,1022,1,1991,612,223380
35,New Mexico,1022,1,1990,594,216810
35,New Mexico,1022,1,1989,426,155490
35,New Mexico,1022,1,1988,214,78324
35,New Mexico,1022,1,1987,208,75920
35,New Mexico,1022,1,1997,910,332150
35,New Mexico,2006,1,1991,297,108405
35,New Mexico,2006,1,1993,345,84180
35,New Mexico,2006,1,1982,252,46368
35,New Mexico,2006,1,1983,219,79935
35,New Mexico,2006,1,1985,270,98550
35,New Mexico,2006,1,1992,309,113094
35,New Mexico,2006,1,1987,217,79205
35,New Mexico,2006,1,1984,247,90402
35,New Mexico,2006,1,1986,330,120450
35,New Mexico,2006,1,1988,223,81618
35,New Mexico,2006,1,1989,279,101835
35,New Mexico,2006,1,1990,354,129210
37,North Carolina,1030,1,1984,147,4557
37,North Carolina,1030,1,1985,167,60955
37,North Carolina,1030,1,1986,174,63510
37,North Carolina,1030,1,1987,181,66065
37,North Carolina,1030,1,1988,188,68808
37,North Carolina,1030,1,1989,195,71175
37,North Carolina,1030,1,1990,203,74095
37,North Carolina,1030,1,1991,211,77015
37,North Carolina,1030,1,1992,209,76494
37,North Carolina,1030,1,1993,219,79935
37,North Carolina,1030,1,1994,198,72270
37,North Carolina,1030,1,1995,229,83585
37,North Carolina,1030,1,1996,257,94062
37,North Carolina,1030,1,1997,267,97455
37,North Carolina,1030,1,1998,278,101470
37,North Carolina,1030,1,1999,289,105485
37,North Carolina,1030,1,2000,295,81420
40,Oklahoma,4165,1,1984,290,62060
40,Oklahoma,4165,1,1985,330,120450
40,Oklahoma,4165,1,1986,330,120450
40,Oklahoma,4165,1,1987,340,124100
40,Oklahoma,4165,1,1988,340,124440
40,Oklahoma,4165,1,1989,330,120450
40,Oklahoma,4165,1,1990,350,127750
40,Oklahoma,4165,1,1991,350,127750
40,Oklahoma,4165,1,1992,224,81984
40,Oklahoma,4165,1,1993,224,81760
40,Oklahoma,4165,1,1994,224,81760
40,Oklahoma,4165,1,1995,224,81760
40,Oklahoma,4165,1,1996,185,67710
40,Oklahoma,4165,1,1997,224,81760
40,Oklahoma,4165,1,1998,224,81760
40,Oklahoma,4165,1,1999,287,104755
40,Oklahoma,4165,1,2000,296,108336
40,Oklahoma,4165,1,2001,304,110960
40,Oklahoma,4165,1,2002,321,117165
40,Oklahoma,4165,1,2003,327,119355
40,Oklahoma,4165,1,2004,348,127368
40,Oklahoma,4165,1,2005,367,133955
40,Oklahoma,1015,1,1978,258,70950
40,Oklahoma,1015,1,1979,263,95995
40,Oklahoma,1015,1,1980,277,101382
40,Oklahoma,1015,1,1981,295,107675
40,Oklahoma,1015,1,1982,300,109500
40,Oklahoma,1015,1,1983,305,111325
40,Oklahoma,1015,1,1984,320,117120
40,Oklahoma,1015,1,1985,340,124100
40,Oklahoma,1015,1,1986,330,120450
40,Oklahoma,1015,1,1987,305,111325
40,Oklahoma,1015,1,1988,300,109800
40,Oklahoma,1015,1,1989,300,109500
40,Oklahoma,1015,1,1990,297,108405
40,Oklahoma,1015,1,1991,297,108405
40,Oklahoma,1015,1,1992,215,78690
40,Oklahoma,1015,1,1993,148,54020
40,Oklahoma,1015,1,1994,208,75920
40,Oklahoma,1015,1,1995,198,72270
40,Oklahoma,1015,1,1996,223,81618
40,Oklahoma,1015,1,1997,210,76650
40,Oklahoma,1015,1,1998,214,78110
40,Oklahoma,1015,1,1999,249,90885
40,Oklahoma,1015,1,2000,256,93696
40,Oklahoma,1015,1,2001,264,96360
40,Oklahoma,1015,1,2002,272,99280
40,Oklahoma,1015,1,2003,304,110960
40,Oklahoma,1015,1,2004,324,118584
40,Oklahoma,1015,1,2005,346,126290
40,Oklahoma,1015,1,2006,350,127750
40,Oklahoma,1015,1,2007,379,138335
40,Oklahoma,1015,1,2008,350,58450
40,Oklahoma,1017,1,1981,750,69000
40,Oklahoma,1017,1,1982,763,278495
40,Oklahoma,1017,1,1983,784,286160
40,Oklahoma,1017,1,1984,804,294264
40,Oklahoma,1017,1,1985,818,298570
40,Oklahoma,1017,1,1986,852,310980
40,Oklahoma,1017,1,1987,885,323025
40,Oklahoma,1017,1,1988,900,329400
40,Oklahoma,1017,1,1989,920,335800
40,Oklahoma,1017,1,1990,1218,444570
40,Oklahoma,1017,1,1991,1282,467930
40,Oklahoma,1017,1,1992,1346,492636
40,Oklahoma,1017,1,1993,1149,419385
40,Oklahoma,1017,1,1994,1273,464645
40,Oklahoma,1017,1,1995,297,108405
40,Oklahoma,1017,1,1996,346,42212
40,Oklahoma,4165,1,2006,333,121545
40,Oklahoma,4165,1,2007,217,73997
45,South Carolina,1008,1,1970,26,6370
45,South Carolina,1008,1,1971,27,9855
45,South Carolina,1008,1,1972,28,10248
45,South Carolina,1008,1,1973,30,10950
45,South Carolina,1008,1,1974,31,11315
45,South Carolina,1008,1,1975,33,12045
45,South Carolina,1008,1,1976,34,12444
45,South Carolina,1008,1,1977,36,13140
45,South Carolina,1008,1,1978,38,13870
45,South Carolina,1008,1,1979,39,14235
45,South Carolina,1008,1,1980,41,15006
45,South Carolina,1008,1,1981,43,15695
45,South Carolina,1008,1,1982,45,16425
45,South Carolina,1008,1,1983,48,17520
45,South Carolina,1008,1,1984,68,24888
45,South Carolina,1008,1,1985,50,18250
45,South Carolina,1008,1,1986,49,17885
45,South Carolina,1008,1,1987,47,17155
45,South Carolina,1008,1,1988,61,22326
45,South Carolina,1008,1,1989,85,31025
45,South Carolina,1008,1,1990,62,22630
45,South Carolina,1008,1,1991,95,34675
45,South Carolina,1008,1,1992,81,12555
45,South Carolina,1024,1,1985,4,459
45,South Carolina,1024,1,1986,4,1095
45,South Carolina,1024,1,1987,5,1825
45,South Carolina,1024,1,1988,5,1830
45,South Carolina,1024,1,1989,5,1825
45,South Carolina,1024,1,1990,6,2190
45,South Carolina,1024,1,1991,10,3650
45,South Carolina,1024,1,1992,4,1464
45,South Carolina,1024,1,1993,11,4015
45,South Carolina,1024,1,1994,9,3285
45,South Carolina,1024,1,1995,11,4015
45,South Carolina,1024,1,1996,10,3660
45,South Carolina,1024,1,1997,15,5475
45,South Carolina,1024,1,1998,11,4015
45,South Carolina,1024,1,1999,12,4380
45,South Carolina,1024,1,2000,12,4392
45,South Carolina,1024,1,2001,13,4745
45,South Carolina,1024,1,2002,13,4745
45,South Carolina,1024,1,2003,13,4745
45,South Carolina,1024,1,2004,14,5124
45,South Carolina,1024,1,2005,14,5110
45,South Carolina,1024,1,2006,15,5475
45,South Carolina,1024,1,2007,15,5475
45,South Carolina,1024,1,2008,16,5856
45,South Carolina,1024,1,2009,8,2920
45,South Carolina,1024,1,2010,16,5840
45,South Carolina,1024,1,2011,16,5840
45,South Carolina,1024,1,2012,17,6222
45,South Carolina,1024,1,2013,17,6205
45,South Carolina,1024,1,2014,18,6570
45,South Carolina,1024,1,2015,18,6570
45,South Carolina,1024,1,2016,19,6954
45,South Carolina,1024,1,2017,19,6935
47,Tennessee,3075,1,1986,108,39420
47,Tennessee,3075,1,1987,129,47085
47,Tennessee,3075,1,1988,130,47580
47,Tennessee,3075,1,1989,129,47085
47,Tennessee,3075,1,1990,140,51100
47,Tennessee,3075,1,1991,153,55845
47,Tennessee,3075,1,1992,76,27816
47,Tennessee,3075,1,1993,106,38690
47,Tennessee,3075,1,1994,136,49640
47,Tennessee,3075,1,1995,153,55845
47,Tennessee,3075,1,1996,159,58194
47,Tennessee,3075,1,1997,166,60590
47,Tennessee,3075,1,1998,423,154395
47,Tennessee,3075,1,1999,154,56210
47,Tennessee,3075,1,2000,159,58194
47,Tennessee,3075,1,2001,418,152570
47,Tennessee,3075,1,2002,132,20064
47,Tennessee,3075,1,1971,38,8132
47,Tennessee,3075,1,1972,49,17934
47,Tennessee,3075,1,1973,47,17155
47,Tennessee,3075,1,1974,54,19710
47,Tennessee,3075,1,1975,57,20805
47,Tennessee,3075,1,1976,60,21960
47,Tennessee,3075,1,1977,58,21170
47,Tennessee,3075,1,1978,60,21900
47,Tennessee,3075,1,1979,57,20805
47,Tennessee,3075,1,1980,74,27084
47,Tennessee,3075,1,1981,79,28835
47,Tennessee,3075,1,1982,72,26280
47,Tennessee,3075,1,1983,77,28105
47,Tennessee,3075,1,1984,87,31842
47,Tennessee,3075,1,1985,108,39420
48,Texas,3559,1,1984,205,75030
48,Texas,3559,1,1985,234,85410
48,Texas,3559,1,1986,248,90520
48,Texas,3559,1,1987,273,99645
48,Texas,3559,1,1988,297,108702
48,Texas,3559,1,1989,316,115340
48,Texas,3559,1,1990,126,45990
48,Texas,3559,1,1991,116,42340
48,Texas,3559,1,1992,154,56364
48,Texas,3559,1,1993,153,55845
48,Texas,3559,1,1994,209,76285
48,Texas,3559,1,1995,179,65335
48,Texas,3559,1,1996,206,75396
48,Texas,3559,1,1997,216,78840
48,Texas,3559,1,1998,220,80300
48,Texas,3559,1,1999,208,6656
48,Texas,3609,1,1974,129,27606
48,Texas,3609,1,1975,109,39785
48,Texas,3609,1,1976,122,44652
48,Texas,3609,1,1977,119,43435
48,Texas,3609,1,1978,112,40880
48,Texas,3609,1,1979,92,33580
48,Texas,3609,1,1980,91,33306
48,Texas,3609,1,1981,90,32850
48,Texas,3609,1,1982,96,35040
48,Texas,3609,1,1983,84,30660
48,Texas,3609,1,1984,86,31476
48,Texas,3609,1,1985,88,32120
48,Texas,3609,1,1986,122,44530
48,Texas,3609,1,1987,118,43070
48,Texas,3609,1,1988,97,35502
48,Texas,3609,1,1989,97,35405
48,Texas,3609,1,1990,110,40150
48,Texas,3609,1,1991,92,30452
48,Texas,1060,1,1986,449,137394
48,Texas,1060,1,1987,438,159870
48,Texas,1060,1,1988,513,187758
48,Texas,1060,1,1989,498,181770
48,Texas,1060,1,1990,592,216080
48,Texas,1060,1,1991,673,245645
48,Texas,1060,1,1992,745,272670
48,Texas,1060,1,1993,684,249660
48,Texas,1060,1,1994,744,271560
48,Texas,1060,1,1995,761,277765
48,Texas,1060,1,1996,905,331230
48,Texas,1060,1,1997,1066,389090
48,Texas,1060,1,1998,991,361715
48,Texas,1060,1,1999,1178,429970
48,Texas,1060,1,2000,1305,279270
48,Texas,3559,1,1970,98,20972
48,Texas,3559,1,1971,106,38690
48,Texas,3559,1,1972,112,40992
48,Texas,3559,1,1973,116,42340
48,Texas,3559,1,1974,122,44530
48,Texas,3559,1,1975,155,56575
48,Texas,3559,1,1976,148,54168
48,Texas,3559,1,1977,164,59860
48,Texas,3559,1,1978,152,55480
48,Texas,3559,1,1979,153,55845
48,Texas,3559,1,1980,172,62952
48,Texas,3559,1,1981,179,65335
48,Texas,3559,1,1982,186,67890
48,Texas,3559,1,1983,197,71905
48,Texas,1049,1,1984,1169,250166
48,Texas,1049,1,1985,1099,401135
48,Texas,1049,1,1986,1103,402595
48,Texas,1049,1,1987,1157,422305
48,Texas,1049,1,1988,1169,427854
48,Texas,1049,1,1989,1208,440920
48,Texas,1049,1,1990,901,328865
48,Texas,1049,1,1991,924,337260
48,Texas,1049,1,1992,1052,385032
48,Texas,1049,1,1993,1322,482530
48,Texas,1049,1,1994,1334,486910
48,Texas,1049,1,1995,1338,488370
48,Texas,1049,1,1996,1376,166496
50,Vermont,1002,1,1984,250,15250
50,Vermont,1002,1,1985,250,91250
50,Vermont,1002,1,1986,340,124100
50,Vermont,1002,1,1987,340,124100
50,Vermont,1002,1,1988,270,98820
50,Vermont,1002,1,1989,290,105850
50,Vermont,1002,1,1990,220,80300
50,Vermont,1002,1,1991,225,82125
50,Vermont,1002,1,1992,240,87840
50,Vermont,1002,1,1993,220,80300
50,Vermont,1002,1,1994,224,81760
50,Vermont,1002,1,1995,224,81760
50,Vermont,1002,1,1996,248,90768
50,Vermont,1002,1,1997,262,95630
50,Vermont,1002,1,1998,257,93805
50,Vermont,1002,1,1999,380,138700
50,Vermont,1002,1,2000,392,143472
50,Vermont,1002,1,2001,325,118625
50,Vermont,1002,1,2002,292,106580
50,Vermont,1002,1,2003,302,110230
50,Vermont,1002,1,2004,282,103212
50,Vermont,1002,1,2005,348,127020
12,Florida,4097,1,1990,1240,452600
12,Florida,4099,1,1990,207,75555
12,Florida,4103,1,1990,259,94535
12,Florida,4105,1,1990,326,118990
12,Florida,4107,1,1990,214,78110
12,Florida,4108,1,1990,298,108770
12,Florida,3995,1,1984,471,172386
12,Florida,3996,1,1984,265,96990
12,Florida,4099,1,1984,212,77592
12,Florida,4103,1,1984,127,46482
12,Florida,4105,1,1984,46,1426
12,Florida,4107,1,1984,299,109434
12,Florida,3995,1,1994,501,182865
12,Florida,3996,1,1994,132,48180
12,Florida,4097,1,1994,1341,489465
12,Florida,4103,1,1994,302,110230
12,Florida,4107,1,1994,100,36500
12,Florida,4108,1,1994,283,103295
12,Florida,1060,1,1983,594,216810
12,Florida,1060,1,1984,594,217404
12,Florida,3995,1,1993,449,163885
12,Florida,3996,1,1993,203,74095
12,Florida,1060,1,1992,130,47580
12,Florida,1060,1,1993,178,64970
12,Florida,3995,1,1983,442,161330
12,Florida,3996,1,1983,275,100375
12,Florida,1060,1,1986,392,143080
12,Florida,1060,1,1988,447,163602
12,Florida,3995,1,1985,502,183230
12,Florida,3996,1,1985,255,93075
12,Florida,4099,1,1985,207,75555
12,Florida,4103,1,1985,143,52195
12,Florida,4105,1,1985,100,36500
12,Florida,4107,1,1985,295,107675
12,Florida,3995,1,1988,607,222162
12,Florida,3996,1,1988,228,83448
12,Florida,4097,1,1988,1512,553392
12,Florida,4099,1,1988,191,69906
12,Florida,4097,1,2004,2329,852414
12,Florida,4097,1,2005,1872,28080
12,Florida,4097,1,2003,2275,830375
12,Florida,1060,1,2003,237,15642
12,Florida,4108,1,1996,165,49335
12,Florida,3995,1,1997,1826,195382
12,Florida,3996,1,1997,204,74460
12,Florida,1060,1,1998,81,29565
12,Florida,3995,1,1995,511,186515
12,Florida,3996,1,1995,162,59130
12,Florida,4097,1,1995,1373,501145
12,Florida,4103,1,1995,251,91615
12,Florida,4107,1,1995,121,44165
12,Florida,4108,1,1995,291,106215
12,Florida,1060,1,1995,146,53290
12,Florida,4097,1,1992,1146,419436
12,Florida,4099,1,1992,222,40182
12,Florida,4103,1,1992,557,203862
12,Florida,4105,1,1992,526,192516
12,Florida,4107,1,1992,134,49044
12,Florida,4108,1,1992,199,72834
12,Florida,1060,1,1991,174,63510
12,Florida,4099,1,1991,207,75555
12,Florida,4103,1,1991,413,150745
12,Florida,4105,1,1991,472,172280
12,Florida,4107,1,1991,94,34310
12,Florida,4108,1,1991,244,89060
12,Florida,3995,1,1996,1773,648918
12,Florida,3996,1,1996,169,61854
12,Florida,1060,1,1996,139,50874
12,Florida,3995,1,1992,1022,374052
12,Florida,3996,1,1992,146,53436
12,Florida,4097,1,1996,1448,529968
12,Florida,4103,1,1996,714,261324
12,Florida,4107,1,1996,149,54534
12,Florida,1060,1,1997,98,35770
12,Florida,4097,1,1997,1558,568670
12,Florida,4103,1,1997,764,278860
12,Florida,4107,1,1997,204,74460
12,Florida,4097,1,1993,1383,504795
12,Florida,4103,1,1993,246,89790
12,Florida,4105,1,1993,449,69146
12,Florida,4107,1,1993,145,52925
12,Florida,4108,1,1993,109,39785
12,Florida,3995,1,1991,1529,558085
12,Florida,3996,1,1991,187,68255
12,Florida,4097,1,1991,740,270100
12,Florida,3996,1,1998,188,28576
12,Florida,1060,1,2002,230,83950
12,Florida,1060,1,1999,106,38690
12,Florida,4097,1,1998,1706,622690
12,Florida,4103,1,1998,837,305505
12,Florida,4107,1,1998,177,21948
12,Florida,1060,1,2000,83,30378
12,Florida,1060,1,2001,96,35040
12,Florida,4097,1,2000,1701,622566
12,Florida,4103,1,2000,803,139722
12,Florida,4097,1,2001,1753,639845
12,Florida,4097,1,2002,1713,625245
12,Florida,4097,1,1999,1680,613200
12,Florida,4103,1,1999,897,327405
12,Florida,4099,1,1980,207,75762
12,Florida,3995,1,1976,284,103944
12,Florida,3996,1,1976,358,131028
12,Florida,4099,1,1976,259,55426
12,Florida,1060,1,1980,386,141276
12,Florida,3995,1,1977,303,110595
12,Florida,3995,1,1982,415,151475
12,Florida,3996,1,1982,286,104390
12,Florida,4099,1,1982,222,81030
12,Florida,4103,1,1982,102,21828
12,Florida,3995,1,1980,366,133956
12,Florida,3996,1,1980,308,112728
12,Florida,1060,1,1979,403,37076
12,Florida,1060,1,1982,355,129575
12,Florida,3995,1,1975,267,8277
12,Florida,3996,1,1975,372,135780
12,Florida,3995,1,1978,322,117530
12,Florida,3996,1,1978,332,121180
12,Florida,3995,1,1979,343,125195
12,Florida,3996,1,1979,320,116800
12,Florida,4099,1,1979,240,87600
12,Florida,3995,1,1981,390,142350
12,Florida,3996,1,1981,297,108405
12,Florida,3996,1,1977,345,125925
12,Florida,3996,1,1974,386,82604
12,Florida,4099,1,1978,246,89790
12,Florida,4099,1,1981,228,83220
12,Florida,1060,1,1981,370,135050
12,Florida,4099,1,1977,252,91980
12,Florida,1060,1,1989,264,96360
12,Florida,4099,1,1983,217,79205
12,Florida,4103,1,1983,114,41610
12,Florida,4107,1,1983,267,24564
12,Florida,3995,1,1986,535,195275
12,Florida,3996,1,1986,246,89790
12,Florida,1060,1,1994,126,45990
12,Florida,3996,1,1989,347,126655
12,Florida,4097,1,1989,1238,451870
12,Florida,4099,1,1989,186,67890
12,Florida,4103,1,1989,232,84680
12,Florida,4105,1,1989,460,167900
12,Florida,4107,1,1989,311,113515
12,Florida,4108,1,1989,173,63145
12,Florida,4097,1,1986,1147,418655
12,Florida,4099,1,1986,201,73365
12,Florida,4103,1,1986,160,58400
12,Florida,4105,1,1986,153,55845
12,Florida,4107,1,1986,171,62415
12,Florida,4108,1,1986,111,23754
12,Florida,4103,1,1988,208,76128
12,Florida,4105,1,1988,141,51606
12,Florida,4107,1,1988,280,102480
12,Florida,4108,1,1988,153,55998
12,Florida,3995,1,1990,699,255135
12,Florida,3996,1,1990,203,74095
12,Florida,1060,1,1985,375,136875
12,Florida,1060,1,1987,392,143080
12,Florida,3995,1,1987,570,208050
12,Florida,3996,1,1987,236,86140
12,Florida,4097,1,1987,1517,553705
12,Florida,4099,1,1987,196,71540
12,Florida,4103,1,1987,179,65335
12,Florida,4105,1,1987,207,75555
12,Florida,4107,1,1987,256,93440
12,Florida,4108,1,1987,132,48180
12,Florida,1060,1,1990,253,92345
12,Florida,3995,1,1989,647,236155
13,Georgia,4111,1,1990,562,205130
13,Georgia,4111,1,1984,321,117486
13,Georgia,4111,1,1985,330,120450
13,Georgia,4111,1,1992,173,61415
13,Georgia,4111,1,1991,671,244915
13,Georgia,4111,1,1980,284,17324
13,Georgia,4111,1,1982,302,110230
13,Georgia,4111,1,1981,293,106945
13,Georgia,4111,1,1983,312,113880
13,Georgia,4111,1,1989,258,94170
13,Georgia,4111,1,1986,339,123735
13,Georgia,4111,1,1988,357,130662
13,Georgia,4111,1,1987,348,127020
15,Hawaii,7080,1,1987,151,55115
15,Hawaii,1003,1,1984,49,16415
15,Hawaii,1006,1,1984,131,47946
15,Hawaii,1008,1,1984,167,40915
15,Hawaii,7080,1,1984,136,49776
15,Hawaii,7080,1,1994,210,76650
15,Hawaii,1003,1,1987,96,35040
15,Hawaii,1006,1,1987,204,74460
15,Hawaii,1006,1,1983,93,33945
15,Hawaii,7080,1,1986,151,55115
15,Hawaii,1003,1,1992,178,65148
15,Hawaii,1003,1,1986,80,29200
15,Hawaii,1006,1,1986,187,68255
15,Hawaii,1008,1,1986,209,76285
15,Hawaii,7080,1,1989,447,163155
15,Hawaii,1006,1,1992,161,58926
15,Hawaii,1008,1,1992,344,125904
15,Hawaii,7080,1,1990,262,95630
15,Hawaii,1003,1,1993,126,45990
15,Hawaii,7080,1,1982,106,38690
15,Hawaii,1006,1,1993,188,68620
15,Hawaii,1008,1,1993,258,94170
15,Hawaii,1003,1,1994,135,49275
15,Hawaii,1006,1,1994,179,65335
15,Hawaii,7080,1,1985,144,52560
15,Hawaii,1003,1,1988,92,33672
15,Hawaii,1006,1,1988,200,73200
15,Hawaii,1008,1,1988,162,59292
15,Hawaii,1003,1,1990,184,67160
15,Hawaii,1006,1,1990,184,67160
15,Hawaii,1008,1,1990,357,130305
15,Hawaii,1008,1,1994,172,62780
15,Hawaii,1003,1,2004,270,98820
15,Hawaii,1006,1,2004,252,92232
15,Hawaii,1008,1,2004,493,180438
15,Hawaii,1003,1,2006,204,74460
15,Hawaii,1006,1,2006,257,93805
15,Hawaii,1008,1,2006,441,160965
15,Hawaii,1003,1,2005,396,144540
15,Hawaii,1006,1,2005,202,73730
15,Hawaii,1008,1,2005,424,154760
15,Hawaii,1003,1,2003,165,60225
15,Hawaii,1006,1,2003,182,66430
15,Hawaii,1008,1,2003,491,179215
15,Hawaii,7080,1,2003,433,65816
15,Hawaii,1003,1,1991,170,62050
15,Hawaii,7080,1,1992,235,86010
15,Hawaii,1003,1,1998,177,64605
15,Hawaii,1006,1,1998,193,70445
15,Hawaii,1008,1,1998,264,96360
15,Hawaii,7080,1,1993,223,81395
15,Hawaii,7080,1,1995,193,70445
15,Hawaii,1003,1,1997,84,30660
15,Hawaii,1006,1,1997,229,83585
15,Hawaii,1008,1,1997,289,105485
15,Hawaii,7080,1,1996,461,168726
15,Hawaii,7080,1,1997,375,136875
15,Hawaii,1006,1,1991,154,56210
15,Hawaii,1008,1,1991,351,128115
15,Hawaii,7080,1,1991,248,90520
15,Hawaii,1003,1,1995,138,50370
15,Hawaii,1006,1,1995,202,73730
15,Hawaii,1008,1,1995,324,118260
15,Hawaii,1003,1,1999,166,60590
15,Hawaii,1006,1,1999,157,57305
15,Hawaii,1008,1,1999,377,137605
15,Hawaii,1003,1,1996,175,64050
15,Hawaii,1006,1,1996,209,76494
15,Hawaii,1008,1,1996,254,92964
15,Hawaii,1003,1,2002,167,60955
15,Hawaii,1006,1,2002,210,76650
15,Hawaii,1008,1,2002,224,81760
15,Hawaii,7080,1,1998,285,104025
15,Hawaii,1003,1,2007,290,105850
15,Hawaii,1006,1,2007,218,79570
15,Hawaii,1008,1,2007,814,297110
15,Hawaii,1003,1,2000,180,65880
15,Hawaii,1006,1,2000,189,69174
15,Hawaii,1008,1,2000,490,179340
15,Hawaii,1006,1,2008,236,236
15,Hawaii,1008,1,2008,408,149328
15,Hawaii,1003,1,2008,231,231
15,Hawaii,1008,1,2009,369,22140
15,Hawaii,1003,1,2001,194,70810
15,Hawaii,1006,1,2001,220,80300
15,Hawaii,1008,1,2001,357,130305
15,Hawaii,7080,1,2000,608,222528
15,Hawaii,7080,1,2002,380,138700
15,Hawaii,7080,1,1999,504,183960
15,Hawaii,7080,1,2001,572,208780
15,Hawaii,7080,1,1979,65,23725
15,Hawaii,7080,1,1980,55,20130
15,Hawaii,1006,1,1982,150,54750
15,Hawaii,7080,1,1975,57,17442
15,Hawaii,7080,1,1976,61,22326
15,Hawaii,7080,1,1978,75,27375
15,Hawaii,1006,1,1981,146,53290
15,Hawaii,7080,1,1981,81,29565
15,Hawaii,7080,1,1977,68,24820
15,Hawaii,1006,1,1980,143,26312
15,Hawaii,1003,1,1989,87,31755
15,Hawaii,1006,1,1989,197,71905
15,Hawaii,1008,1,1989,177,64605
15,Hawaii,7080,1,1983,121,44165
15,Hawaii,1003,1,1985,65,23725
15,Hawaii,1006,1,1985,169,61685
15,Hawaii,1008,1,1985,211,77015
15,Hawaii,7080,1,1988,151,55266
15,Hawaii,1008,1,1987,219,79935
16,Idaho,1021,1,1994,633,231045
16,Idaho,1021,1,1986,456,166440
16,Idaho,1021,1,1992,402,147132
16,Idaho,1021,1,1993,776,283240
16,Idaho,1021,1,1988,473,173118
16,Idaho,1021,1,1990,446,162790
16,Idaho,1021,1,2004,644,235704
16,Idaho,1021,1,2006,668,142284
16,Idaho,1021,1,2005,656,239440
16,Idaho,1021,1,2003,626,228490
16,Idaho,1021,1,1998,473,172645
16,Idaho,1021,1,1996,330,120780
16,Idaho,1021,1,1997,450,164250
16,Idaho,1021,1,1991,492,179580
16,Idaho,1021,1,1995,760,277400
16,Idaho,1021,1,2002,597,217905
16,Idaho,1021,1,1999,530,193450
16,Idaho,1021,1,2000,528,193248
16,Idaho,1021,1,2001,565,206225
16,Idaho,1021,1,1989,490,178850
16,Idaho,1021,1,1985,387,35604
16,Idaho,1021,1,1987,456,166440
1,Alabama,4125,1,1990,636,232140
1,Alabama,4125,1,1984,680,248880
1,Alabama,4125,1,1994,709,258785
1,Alabama,4126,1,1994,2696,984040
1,Alabama,4125,1,1989,936,341640
1,Alabama,4126,1,1989,2416,881840
1,Alabama,4126,1,1990,2396,874540
1,Alabama,1021,1,1992,307,112362
1,Alabama,1021,1,1986,248,90520
1,Alabama,1021,1,1993,307,112055
1,Alabama,4125,1,1985,703,256595
1,Alabama,1021,1,1988,365,133590
1,Alabama,1021,1,1990,289,105485
1,Alabama,4125,1,2004,961,351726
1,Alabama,4125,1,2005,990,164340
1,Alabama,4125,1,2003,933,340545
1,Alabama,4125,1,1996,759,277794
1,Alabama,4126,1,1996,2860,1046760
1,Alabama,1021,1,1998,366,133590
1,Alabama,4125,1,1991,655,239075
1,Alabama,4126,1,1991,2467,900455
1,Alabama,4125,1,1995,737,269005
1,Alabama,4126,1,1995,2777,1013605
1,Alabama,1021,1,1996,345,126270
1,Alabama,4125,1,1992,674,246684
1,Alabama,4126,1,1992,2541,930006
1,Alabama,1021,1,1997,355,129575
1,Alabama,4125,1,1997,782,285430
1,Alabama,4126,1,1997,2946,1075290
1,Alabama,4125,1,1993,701,255865
1,Alabama,4126,1,1993,2360,861400
1,Alabama,1021,1,1991,298,108770
1,Alabama,1021,1,1995,323,117895
1,Alabama,1021,1,1999,377,137605
1,Alabama,4125,1,1998,805,293825
1,Alabama,4126,1,1998,3035,1107775
1,Alabama,1021,1,2000,388,5820
1,Alabama,4125,1,2000,854,312564
1,Alabama,4126,1,2000,3219,788655
1,Alabama,4125,1,2001,880,321200
1,Alabama,4125,1,2002,906,330690
1,Alabama,4125,1,1999,829,302585
1,Alabama,4126,1,1999,3126,1140990
1,Alabama,4125,1,1980,535,195810
1,Alabama,4125,1,1979,548,200020
1,Alabama,4125,1,1973,427,155855
1,Alabama,4125,1,1972,410,87740
1,Alabama,4125,1,1982,536,195640
1,Alabama,4125,1,1976,404,147864
1,Alabama,4125,1,1975,247,90155
1,Alabama,4125,1,1974,444,162060
1,Alabama,4125,1,1978,512,186880
1,Alabama,4125,1,1981,523,190895
1,Alabama,4125,1,1977,431,157315
1,Alabama,1021,1,1989,359,131035
1,Alabama,4125,1,1983,617,225205
1,Alabama,1021,1,1994,346,126290
1,Alabama,4125,1,1986,852,310980
1,Alabama,4125,1,1988,962,352092
1,Alabama,4126,1,1988,2191,602525
1,Alabama,1021,1,1985,192,41088
1,Alabama,1021,1,1987,332,121180
1,Alabama,4125,1,1987,842,307330
53,Washington,1501,1,1982,33,6072
53,Washington,1501,1,1983,35,12775
53,Washington,1501,1,1984,36,13176
53,Washington,1501,1,1985,34,12410
53,Washington,1501,1,1986,38,13870
53,Washington,1501,1,1987,39,14235
53,Washington,1501,1,1988,40,14640
53,Washington,1501,1,1989,41,14965
53,Washington,1501,1,1990,42,15330
53,Washington,1501,1,1991,77,28105
53,Washington,1501,1,1992,53,19398
53,Washington,1501,1,1993,55,20075
53,Washington,1501,1,1994,54,19710
53,Washington,1501,1,1995,14,5110
53,Washington,1501,1,1996,41,15006
53,Washington,1501,1,1997,56,20440
53,Washington,1501,1,1998,57,20805
53,Washington,1501,1,1999,46,16790
53,Washington,1501,1,2000,53,6466
56,Wyoming,2018,1,1983,253,23276
56,Wyoming,2018,1,1984,243,88938
56,Wyoming,2018,1,1985,243,88695
56,Wyoming,2018,1,1986,220,80300
56,Wyoming,2018,1,1987,218,79570
56,Wyoming,2018,1,1988,198,72468
56,Wyoming,2018,1,1989,198,72270
56,Wyoming,2018,1,1990,182,66430
56,Wyoming,2018,1,1991,183,66795
56,Wyoming,2018,1,1992,183,66978
56,Wyoming,2018,1,1993,167,60955
56,Wyoming,2018,1,1994,160,24320
17,Illinois,1003,1,1987,217,79205
17,Illinois,1003,1,1992,247,90402
17,Illinois,1003,1,1986,204,12444
17,Illinois,1003,1,1993,299,109135
17,Illinois,1003,1,1994,286,104390
17,Illinois,1003,1,1988,217,79422
17,Illinois,1003,1,1990,212,77380
17,Illinois,1003,1,2004,645,236070
17,Illinois,1003,1,2006,765,279225
17,Illinois,1003,1,2005,705,257325
17,Illinois,1003,1,2003,567,206955
17,Illinois,1003,1,1991,208,75920
17,Illinois,1003,1,1998,338,123370
17,Illinois,1003,1,1997,375,136875
17,Illinois,1003,1,1995,305,111325
17,Illinois,1003,1,1999,379,138335
17,Illinois,1003,1,1996,375,137250
17,Illinois,1003,1,2002,525,191625
17,Illinois,1003,1,2007,825,201300
17,Illinois,1003,1,2000,405,148230
17,Illinois,1003,1,2001,465,169725
17,Illinois,1003,1,1989,217,79205
18,Indiana,2009,1,1984,340,124440
18,Indiana,2009,1,1999,564,53580
18,Indiana,2009,1,1992,483,176778
18,Indiana,2009,1,1998,657,239805
18,Indiana,2009,1,1997,542,197830
18,Indiana,2009,1,1996,469,171654
18,Indiana,2009,1,1995,602,219730
18,Indiana,2009,1,1982,314,114610
18,Indiana,2009,1,1993,515,187975
18,Indiana,2009,1,1981,297,108405
18,Indiana,2009,1,1991,481,175565
18,Indiana,2009,1,1990,480,175200
18,Indiana,2009,1,1989,450,164250
18,Indiana,2009,1,1988,435,159210
18,Indiana,2009,1,1987,412,150380
18,Indiana,2009,1,1986,354,129210
18,Indiana,2009,1,1985,346,126290
18,Indiana,2009,1,1983,327,119355
18,Indiana,2009,1,1994,472,172280
